CREATE TABLE IF NOT EXISTS "auth_group" ("id" integer NOT NULL PRIMARY KEY AUTOINCREMENT, "name" varchar(150) NOT NULL UNIQUE);
CREATE UNIQUE INDEX "auth_group_permissions_group_id_permission_id_0cd325b0_uniq" ON "auth_group_permissions" ("group_id", "permission_id");
CREATE INDEX IF NOT EXISTS "auth_group_permissions_group_id_b120cbf9" ON "auth_group_permissions" ("group_id");
CREATE INDEX IF NOT EXISTS "auth_group_permissions_permission_id_84c5c92e" ON "auth_group_permissions" ("permission_id");
CREATE UNIQUE INDEX "auth_permission_content_type_id_codename_01ab375a_uniq" ON "auth_permission" ("content_type_id", "codename");
CREATE INDEX IF NOT EXISTS "auth_permission_content_type_id_2f476e4b" ON "auth_permission" ("content_type_id");
CREATE UNIQUE INDEX "auth_user_groups_user_id_group_id_94350c0c_uniq" ON "auth_user_groups" ("user_id", "group_id");
CREATE INDEX IF NOT EXISTS "auth_user_groups_user_id_6a12ed8b" ON "auth_user_groups" ("user_id");
CREATE INDEX IF NOT EXISTS "auth_user_groups_group_id_97559544" ON "auth_user_groups" ("group_id");
CREATE UNIQUE INDEX "auth_user_user_permissions_user_id_permission_id_14a6b632_uniq" ON "auth_user_user_permissions" ("user_id", "permission_id");
CREATE INDEX IF NOT EXISTS "auth_user_user_permissions_user_id_a95ead1b" ON "auth_user_user_permissions" ("user_id");
CREATE INDEX IF NOT EXISTS "auth_user_user_permissions_permission_id_1fbb5f2c" ON "auth_user_user_permissions" ("permission_id");
CREATE INDEX IF NOT EXISTS "django_admin_log_content_type_id_c4bce8eb" ON "django_admin_log" ("content_type_id");
CREATE INDEX IF NOT EXISTS "django_admin_log_user_id_c564eba6" ON "django_admin_log" ("user_id");
CREATE UNIQUE INDEX "django_content_type_app_label_model_76bd3d3b_uniq" ON "django_content_type" ("app_label", "model");
CREATE INDEX IF NOT EXISTS "django_session_expire_date_a5c62663" ON "django_session" ("expire_date");
CREATE INDEX IF NOT EXISTS "frontend_module_label_58c52d82" ON "frontend_module" ("label");
CREATE INDEX IF NOT EXISTS "viewflow_process_artifact_content_type_id_8e40f778" ON "viewflow_process" ("artifact_content_type_id");
CREATE INDEX IF NOT EXISTS "viewflow_task_status_ffb4516b" ON "viewflow_task" ("status");
CREATE INDEX IF NOT EXISTS "viewflow_task_external_task_id_2f93bc2f" ON "viewflow_task" ("external_task_id");
CREATE INDEX IF NOT EXISTS "viewflow_task_owner_id_01b087bd" ON "viewflow_task" ("owner_id");
CREATE INDEX IF NOT EXISTS "viewflow_task_process_id_619bc849" ON "viewflow_task" ("process_id");
CREATE INDEX IF NOT EXISTS "viewflow_task_artifact_content_type_id_50385e8d" ON "viewflow_task" ("artifact_content_type_id");
CREATE UNIQUE INDEX "viewflow_task_previous_from_task_id_to_task_id_a979d787_uniq" ON "viewflow_task_previous" ("from_task_id", "to_task_id");
CREATE INDEX IF NOT EXISTS "viewflow_task_previous_from_task_id_da5536f6" ON "viewflow_task_previous" ("from_task_id");
CREATE INDEX IF NOT EXISTS "viewflow_task_previous_to_task_id_7d3a2081" ON "viewflow_task_previous" ("to_task_id");
CREATE TABLE IF NOT EXISTS "auth_group_permissions" ("id" integer NOT NULL PRIMARY KEY AUTOINCREMENT, "group_id" integer NOT NULL REFERENCES "auth_group" ("id") DEFERRABLE INITIALLY DEFERRED, "permission_id" integer NOT NULL REFERENCES "auth_permission" ("id") DEFERRABLE INITIALLY DEFERRED);
CREATE UNIQUE INDEX "auth_group_permissions_group_id_permission_id_0cd325b0_uniq" ON "auth_group_permissions" ("group_id", "permission_id");
CREATE INDEX IF NOT EXISTS "auth_group_permissions_group_id_b120cbf9" ON "auth_group_permissions" ("group_id");
CREATE INDEX IF NOT EXISTS "auth_group_permissions_permission_id_84c5c92e" ON "auth_group_permissions" ("permission_id");
CREATE UNIQUE INDEX "auth_permission_content_type_id_codename_01ab375a_uniq" ON "auth_permission" ("content_type_id", "codename");
CREATE INDEX IF NOT EXISTS "auth_permission_content_type_id_2f476e4b" ON "auth_permission" ("content_type_id");
CREATE UNIQUE INDEX "auth_user_groups_user_id_group_id_94350c0c_uniq" ON "auth_user_groups" ("user_id", "group_id");
CREATE INDEX IF NOT EXISTS "auth_user_groups_user_id_6a12ed8b" ON "auth_user_groups" ("user_id");
CREATE INDEX IF NOT EXISTS "auth_user_groups_group_id_97559544" ON "auth_user_groups" ("group_id");
CREATE UNIQUE INDEX "auth_user_user_permissions_user_id_permission_id_14a6b632_uniq" ON "auth_user_user_permissions" ("user_id", "permission_id");
CREATE INDEX IF NOT EXISTS "auth_user_user_permissions_user_id_a95ead1b" ON "auth_user_user_permissions" ("user_id");
CREATE INDEX IF NOT EXISTS "auth_user_user_permissions_permission_id_1fbb5f2c" ON "auth_user_user_permissions" ("permission_id");
CREATE INDEX IF NOT EXISTS "django_admin_log_content_type_id_c4bce8eb" ON "django_admin_log" ("content_type_id");
CREATE INDEX IF NOT EXISTS "django_admin_log_user_id_c564eba6" ON "django_admin_log" ("user_id");
CREATE UNIQUE INDEX "django_content_type_app_label_model_76bd3d3b_uniq" ON "django_content_type" ("app_label", "model");
CREATE INDEX IF NOT EXISTS "django_session_expire_date_a5c62663" ON "django_session" ("expire_date");
CREATE INDEX IF NOT EXISTS "frontend_module_label_58c52d82" ON "frontend_module" ("label");
CREATE INDEX IF NOT EXISTS "viewflow_process_artifact_content_type_id_8e40f778" ON "viewflow_process" ("artifact_content_type_id");
CREATE INDEX IF NOT EXISTS "viewflow_task_status_ffb4516b" ON "viewflow_task" ("status");
CREATE INDEX IF NOT EXISTS "viewflow_task_external_task_id_2f93bc2f" ON "viewflow_task" ("external_task_id");
CREATE INDEX IF NOT EXISTS "viewflow_task_owner_id_01b087bd" ON "viewflow_task" ("owner_id");
CREATE INDEX IF NOT EXISTS "viewflow_task_process_id_619bc849" ON "viewflow_task" ("process_id");
CREATE INDEX IF NOT EXISTS "viewflow_task_artifact_content_type_id_50385e8d" ON "viewflow_task" ("artifact_content_type_id");
CREATE UNIQUE INDEX "viewflow_task_previous_from_task_id_to_task_id_a979d787_uniq" ON "viewflow_task_previous" ("from_task_id", "to_task_id");
CREATE INDEX IF NOT EXISTS "viewflow_task_previous_from_task_id_da5536f6" ON "viewflow_task_previous" ("from_task_id");
CREATE INDEX IF NOT EXISTS "viewflow_task_previous_to_task_id_7d3a2081" ON "viewflow_task_previous" ("to_task_id");
CREATE TABLE IF NOT EXISTS "auth_permission" ("id" integer NOT NULL PRIMARY KEY AUTOINCREMENT, "content_type_id" integer NOT NULL REFERENCES "django_content_type" ("id") DEFERRABLE INITIALLY DEFERRED, "codename" varchar(100) NOT NULL, "name" varchar(255) NOT NULL);
INSERT INTO "auth_permission" VALUES(1,1,'add_logentry','Can add log entry');
INSERT INTO "auth_permission" VALUES(2,1,'change_logentry','Can change log entry');
INSERT INTO "auth_permission" VALUES(3,1,'delete_logentry','Can delete log entry');
INSERT INTO "auth_permission" VALUES(4,1,'view_logentry','Can view log entry');
INSERT INTO "auth_permission" VALUES(5,2,'add_permission','Can add permission');
INSERT INTO "auth_permission" VALUES(6,2,'change_permission','Can change permission');
INSERT INTO "auth_permission" VALUES(7,2,'delete_permission','Can delete permission');
INSERT INTO "auth_permission" VALUES(8,2,'view_permission','Can view permission');
INSERT INTO "auth_permission" VALUES(9,3,'add_group','Can add group');
INSERT INTO "auth_permission" VALUES(10,3,'change_group','Can change group');
INSERT INTO "auth_permission" VALUES(11,3,'delete_group','Can delete group');
INSERT INTO "auth_permission" VALUES(12,3,'view_group','Can view group');
INSERT INTO "auth_permission" VALUES(13,4,'add_user','Can add user');
INSERT INTO "auth_permission" VALUES(14,4,'change_user','Can change user');
INSERT INTO "auth_permission" VALUES(15,4,'delete_user','Can delete user');
INSERT INTO "auth_permission" VALUES(16,4,'view_user','Can view user');
INSERT INTO "auth_permission" VALUES(17,5,'add_contenttype','Can add content type');
INSERT INTO "auth_permission" VALUES(18,5,'change_contenttype','Can change content type');
INSERT INTO "auth_permission" VALUES(19,5,'delete_contenttype','Can delete content type');
INSERT INTO "auth_permission" VALUES(20,5,'view_contenttype','Can view content type');
INSERT INTO "auth_permission" VALUES(21,6,'add_session','Can add session');
INSERT INTO "auth_permission" VALUES(22,6,'change_session','Can change session');
INSERT INTO "auth_permission" VALUES(23,6,'delete_session','Can delete session');
INSERT INTO "auth_permission" VALUES(24,6,'view_session','Can view session');
INSERT INTO "auth_permission" VALUES(25,7,'add_person','Can add person');
INSERT INTO "auth_permission" VALUES(26,7,'change_person','Can change person');
INSERT INTO "auth_permission" VALUES(27,7,'delete_person','Can delete person');
INSERT INTO "auth_permission" VALUES(28,7,'view_person','Can view person');
INSERT INTO "auth_permission" VALUES(29,8,'add_account','Can add account');
INSERT INTO "auth_permission" VALUES(30,8,'change_account','Can change account');
INSERT INTO "auth_permission" VALUES(31,8,'delete_account','Can delete account');
INSERT INTO "auth_permission" VALUES(32,8,'view_account','Can view account');
INSERT INTO "auth_permission" VALUES(33,9,'add_checkout','Can add checkout');
INSERT INTO "auth_permission" VALUES(34,9,'change_checkout','Can change checkout');
INSERT INTO "auth_permission" VALUES(35,9,'delete_checkout','Can delete checkout');
INSERT INTO "auth_permission" VALUES(36,9,'view_checkout','Can view checkout');
INSERT INTO "auth_permission" VALUES(37,10,'add_microfinance','Can add microfinance');
INSERT INTO "auth_permission" VALUES(38,10,'change_microfinance','Can change microfinance');
INSERT INTO "auth_permission" VALUES(39,10,'delete_microfinance','Can delete microfinance');
INSERT INTO "auth_permission" VALUES(40,10,'view_microfinance','Can view microfinance');
INSERT INTO "auth_permission" VALUES(41,11,'add_session_levels','Can add session_levels');
INSERT INTO "auth_permission" VALUES(42,11,'change_session_levels','Can change session_levels');
INSERT INTO "auth_permission" VALUES(43,11,'delete_session_levels','Can delete session_levels');
INSERT INTO "auth_permission" VALUES(44,11,'view_session_levels','Can view session_levels');
INSERT INTO "auth_permission" VALUES(45,12,'add_email','Can add email');
INSERT INTO "auth_permission" VALUES(46,12,'change_email','Can change email');
INSERT INTO "auth_permission" VALUES(47,12,'delete_email','Can delete email');
INSERT INTO "auth_permission" VALUES(48,12,'view_email','Can view email');
INSERT INTO "auth_permission" VALUES(49,13,'add_module','Can add module');
INSERT INTO "auth_permission" VALUES(50,13,'change_module','Can change module');
INSERT INTO "auth_permission" VALUES(51,13,'delete_module','Can delete module');
INSERT INTO "auth_permission" VALUES(52,13,'view_module','Can view module');
INSERT INTO "auth_permission" VALUES(53,14,'add_process','Can add Process');
INSERT INTO "auth_permission" VALUES(54,14,'change_process','Can change Process');
INSERT INTO "auth_permission" VALUES(55,14,'delete_process','Can delete Process');
INSERT INTO "auth_permission" VALUES(56,14,'view_process','Can view Process');
INSERT INTO "auth_permission" VALUES(57,15,'add_task','Can add Task');
INSERT INTO "auth_permission" VALUES(58,15,'change_task','Can change Task');
INSERT INTO "auth_permission" VALUES(59,15,'delete_task','Can delete Task');
INSERT INTO "auth_permission" VALUES(60,15,'view_task','Can view Task');
INSERT INTO "auth_permission" VALUES(61,14,'manage_process','Can manage Process');
INSERT INTO "auth_permission" VALUES(62,16,'add_home','Can add home');
INSERT INTO "auth_permission" VALUES(63,16,'change_home','Can change home');
INSERT INTO "auth_permission" VALUES(64,16,'delete_home','Can delete home');
INSERT INTO "auth_permission" VALUES(65,16,'view_home','Can view home');
INSERT INTO "auth_permission" VALUES(66,17,'add_blog','Can add blog');
INSERT INTO "auth_permission" VALUES(67,17,'change_blog','Can change blog');
INSERT INTO "auth_permission" VALUES(68,17,'delete_blog','Can delete blog');
INSERT INTO "auth_permission" VALUES(69,17,'view_blog','Can view blog');
INSERT INTO "auth_permission" VALUES(70,18,'add_data','Can add data');
INSERT INTO "auth_permission" VALUES(71,18,'change_data','Can change data');
INSERT INTO "auth_permission" VALUES(72,18,'delete_data','Can delete data');
INSERT INTO "auth_permission" VALUES(73,18,'view_data','Can view data');
CREATE UNIQUE INDEX "auth_group_permissions_group_id_permission_id_0cd325b0_uniq" ON "auth_group_permissions" ("group_id", "permission_id");
CREATE INDEX IF NOT EXISTS "auth_group_permissions_group_id_b120cbf9" ON "auth_group_permissions" ("group_id");
CREATE INDEX IF NOT EXISTS "auth_group_permissions_permission_id_84c5c92e" ON "auth_group_permissions" ("permission_id");
CREATE UNIQUE INDEX "auth_permission_content_type_id_codename_01ab375a_uniq" ON "auth_permission" ("content_type_id", "codename");
CREATE INDEX IF NOT EXISTS "auth_permission_content_type_id_2f476e4b" ON "auth_permission" ("content_type_id");
CREATE UNIQUE INDEX "auth_user_groups_user_id_group_id_94350c0c_uniq" ON "auth_user_groups" ("user_id", "group_id");
CREATE INDEX IF NOT EXISTS "auth_user_groups_user_id_6a12ed8b" ON "auth_user_groups" ("user_id");
CREATE INDEX IF NOT EXISTS "auth_user_groups_group_id_97559544" ON "auth_user_groups" ("group_id");
CREATE UNIQUE INDEX "auth_user_user_permissions_user_id_permission_id_14a6b632_uniq" ON "auth_user_user_permissions" ("user_id", "permission_id");
CREATE INDEX IF NOT EXISTS "auth_user_user_permissions_user_id_a95ead1b" ON "auth_user_user_permissions" ("user_id");
CREATE INDEX IF NOT EXISTS "auth_user_user_permissions_permission_id_1fbb5f2c" ON "auth_user_user_permissions" ("permission_id");
CREATE INDEX IF NOT EXISTS "django_admin_log_content_type_id_c4bce8eb" ON "django_admin_log" ("content_type_id");
CREATE INDEX IF NOT EXISTS "django_admin_log_user_id_c564eba6" ON "django_admin_log" ("user_id");
CREATE UNIQUE INDEX "django_content_type_app_label_model_76bd3d3b_uniq" ON "django_content_type" ("app_label", "model");
CREATE INDEX IF NOT EXISTS "django_session_expire_date_a5c62663" ON "django_session" ("expire_date");
CREATE INDEX IF NOT EXISTS "frontend_module_label_58c52d82" ON "frontend_module" ("label");
CREATE INDEX IF NOT EXISTS "viewflow_process_artifact_content_type_id_8e40f778" ON "viewflow_process" ("artifact_content_type_id");
CREATE INDEX IF NOT EXISTS "viewflow_task_status_ffb4516b" ON "viewflow_task" ("status");
CREATE INDEX IF NOT EXISTS "viewflow_task_external_task_id_2f93bc2f" ON "viewflow_task" ("external_task_id");
CREATE INDEX IF NOT EXISTS "viewflow_task_owner_id_01b087bd" ON "viewflow_task" ("owner_id");
CREATE INDEX IF NOT EXISTS "viewflow_task_process_id_619bc849" ON "viewflow_task" ("process_id");
CREATE INDEX IF NOT EXISTS "viewflow_task_artifact_content_type_id_50385e8d" ON "viewflow_task" ("artifact_content_type_id");
CREATE UNIQUE INDEX "viewflow_task_previous_from_task_id_to_task_id_a979d787_uniq" ON "viewflow_task_previous" ("from_task_id", "to_task_id");
CREATE INDEX IF NOT EXISTS "viewflow_task_previous_from_task_id_da5536f6" ON "viewflow_task_previous" ("from_task_id");
CREATE INDEX IF NOT EXISTS "viewflow_task_previous_to_task_id_7d3a2081" ON "viewflow_task_previous" ("to_task_id");
CREATE TABLE IF NOT EXISTS "auth_user" ("id" integer NOT NULL PRIMARY KEY AUTOINCREMENT, "password" varchar(128) NOT NULL, "last_login" datetime NULL, "is_superuser" bool NOT NULL, "username" varchar(150) NOT NULL UNIQUE, "first_name" varchar(30) NOT NULL, "email" varchar(254) NOT NULL, "is_staff" bool NOT NULL, "is_active" bool NOT NULL, "date_joined" datetime NOT NULL, "last_name" varchar(150) NOT NULL);
INSERT INTO "auth_user" VALUES(1,'pbkdf2_sha256$180000$bE9RHrdubose$83nSbv7Ow2mEXYYbaUupBZiuv963otprVG8qoYDRO+c=','2022-06-02 18:39:14.849243',1,'dominic','','',1,1,'2022-05-19 13:43:58.887686','');
CREATE UNIQUE INDEX "auth_group_permissions_group_id_permission_id_0cd325b0_uniq" ON "auth_group_permissions" ("group_id", "permission_id");
CREATE INDEX IF NOT EXISTS "auth_group_permissions_group_id_b120cbf9" ON "auth_group_permissions" ("group_id");
CREATE INDEX IF NOT EXISTS "auth_group_permissions_permission_id_84c5c92e" ON "auth_group_permissions" ("permission_id");
CREATE UNIQUE INDEX "auth_permission_content_type_id_codename_01ab375a_uniq" ON "auth_permission" ("content_type_id", "codename");
CREATE INDEX IF NOT EXISTS "auth_permission_content_type_id_2f476e4b" ON "auth_permission" ("content_type_id");
CREATE UNIQUE INDEX "auth_user_groups_user_id_group_id_94350c0c_uniq" ON "auth_user_groups" ("user_id", "group_id");
CREATE INDEX IF NOT EXISTS "auth_user_groups_user_id_6a12ed8b" ON "auth_user_groups" ("user_id");
CREATE INDEX IF NOT EXISTS "auth_user_groups_group_id_97559544" ON "auth_user_groups" ("group_id");
CREATE UNIQUE INDEX "auth_user_user_permissions_user_id_permission_id_14a6b632_uniq" ON "auth_user_user_permissions" ("user_id", "permission_id");
CREATE INDEX IF NOT EXISTS "auth_user_user_permissions_user_id_a95ead1b" ON "auth_user_user_permissions" ("user_id");
CREATE INDEX IF NOT EXISTS "auth_user_user_permissions_permission_id_1fbb5f2c" ON "auth_user_user_permissions" ("permission_id");
CREATE INDEX IF NOT EXISTS "django_admin_log_content_type_id_c4bce8eb" ON "django_admin_log" ("content_type_id");
CREATE INDEX IF NOT EXISTS "django_admin_log_user_id_c564eba6" ON "django_admin_log" ("user_id");
CREATE UNIQUE INDEX "django_content_type_app_label_model_76bd3d3b_uniq" ON "django_content_type" ("app_label", "model");
CREATE INDEX IF NOT EXISTS "django_session_expire_date_a5c62663" ON "django_session" ("expire_date");
CREATE INDEX IF NOT EXISTS "frontend_module_label_58c52d82" ON "frontend_module" ("label");
CREATE INDEX IF NOT EXISTS "viewflow_process_artifact_content_type_id_8e40f778" ON "viewflow_process" ("artifact_content_type_id");
CREATE INDEX IF NOT EXISTS "viewflow_task_status_ffb4516b" ON "viewflow_task" ("status");
CREATE INDEX IF NOT EXISTS "viewflow_task_external_task_id_2f93bc2f" ON "viewflow_task" ("external_task_id");
CREATE INDEX IF NOT EXISTS "viewflow_task_owner_id_01b087bd" ON "viewflow_task" ("owner_id");
CREATE INDEX IF NOT EXISTS "viewflow_task_process_id_619bc849" ON "viewflow_task" ("process_id");
CREATE INDEX IF NOT EXISTS "viewflow_task_artifact_content_type_id_50385e8d" ON "viewflow_task" ("artifact_content_type_id");
CREATE UNIQUE INDEX "viewflow_task_previous_from_task_id_to_task_id_a979d787_uniq" ON "viewflow_task_previous" ("from_task_id", "to_task_id");
CREATE INDEX IF NOT EXISTS "viewflow_task_previous_from_task_id_da5536f6" ON "viewflow_task_previous" ("from_task_id");
CREATE INDEX IF NOT EXISTS "viewflow_task_previous_to_task_id_7d3a2081" ON "viewflow_task_previous" ("to_task_id");
CREATE TABLE IF NOT EXISTS "auth_user_groups" ("id" integer NOT NULL PRIMARY KEY AUTOINCREMENT, "user_id" integer NOT NULL REFERENCES "auth_user" ("id") DEFERRABLE INITIALLY DEFERRED, "group_id" integer NOT NULL REFERENCES "auth_group" ("id") DEFERRABLE INITIALLY DEFERRED);
CREATE UNIQUE INDEX "auth_group_permissions_group_id_permission_id_0cd325b0_uniq" ON "auth_group_permissions" ("group_id", "permission_id");
CREATE INDEX IF NOT EXISTS "auth_group_permissions_group_id_b120cbf9" ON "auth_group_permissions" ("group_id");
CREATE INDEX IF NOT EXISTS "auth_group_permissions_permission_id_84c5c92e" ON "auth_group_permissions" ("permission_id");
CREATE UNIQUE INDEX "auth_permission_content_type_id_codename_01ab375a_uniq" ON "auth_permission" ("content_type_id", "codename");
CREATE INDEX IF NOT EXISTS "auth_permission_content_type_id_2f476e4b" ON "auth_permission" ("content_type_id");
CREATE UNIQUE INDEX "auth_user_groups_user_id_group_id_94350c0c_uniq" ON "auth_user_groups" ("user_id", "group_id");
CREATE INDEX IF NOT EXISTS "auth_user_groups_user_id_6a12ed8b" ON "auth_user_groups" ("user_id");
CREATE INDEX IF NOT EXISTS "auth_user_groups_group_id_97559544" ON "auth_user_groups" ("group_id");
CREATE UNIQUE INDEX "auth_user_user_permissions_user_id_permission_id_14a6b632_uniq" ON "auth_user_user_permissions" ("user_id", "permission_id");
CREATE INDEX IF NOT EXISTS "auth_user_user_permissions_user_id_a95ead1b" ON "auth_user_user_permissions" ("user_id");
CREATE INDEX IF NOT EXISTS "auth_user_user_permissions_permission_id_1fbb5f2c" ON "auth_user_user_permissions" ("permission_id");
CREATE INDEX IF NOT EXISTS "django_admin_log_content_type_id_c4bce8eb" ON "django_admin_log" ("content_type_id");
CREATE INDEX IF NOT EXISTS "django_admin_log_user_id_c564eba6" ON "django_admin_log" ("user_id");
CREATE UNIQUE INDEX "django_content_type_app_label_model_76bd3d3b_uniq" ON "django_content_type" ("app_label", "model");
CREATE INDEX IF NOT EXISTS "django_session_expire_date_a5c62663" ON "django_session" ("expire_date");
CREATE INDEX IF NOT EXISTS "frontend_module_label_58c52d82" ON "frontend_module" ("label");
CREATE INDEX IF NOT EXISTS "viewflow_process_artifact_content_type_id_8e40f778" ON "viewflow_process" ("artifact_content_type_id");
CREATE INDEX IF NOT EXISTS "viewflow_task_status_ffb4516b" ON "viewflow_task" ("status");
CREATE INDEX IF NOT EXISTS "viewflow_task_external_task_id_2f93bc2f" ON "viewflow_task" ("external_task_id");
CREATE INDEX IF NOT EXISTS "viewflow_task_owner_id_01b087bd" ON "viewflow_task" ("owner_id");
CREATE INDEX IF NOT EXISTS "viewflow_task_process_id_619bc849" ON "viewflow_task" ("process_id");
CREATE INDEX IF NOT EXISTS "viewflow_task_artifact_content_type_id_50385e8d" ON "viewflow_task" ("artifact_content_type_id");
CREATE UNIQUE INDEX "viewflow_task_previous_from_task_id_to_task_id_a979d787_uniq" ON "viewflow_task_previous" ("from_task_id", "to_task_id");
CREATE INDEX IF NOT EXISTS "viewflow_task_previous_from_task_id_da5536f6" ON "viewflow_task_previous" ("from_task_id");
CREATE INDEX IF NOT EXISTS "viewflow_task_previous_to_task_id_7d3a2081" ON "viewflow_task_previous" ("to_task_id");
CREATE TABLE IF NOT EXISTS "auth_user_user_permissions" ("id" integer NOT NULL PRIMARY KEY AUTOINCREMENT, "user_id" integer NOT NULL REFERENCES "auth_user" ("id") DEFERRABLE INITIALLY DEFERRED, "permission_id" integer NOT NULL REFERENCES "auth_permission" ("id") DEFERRABLE INITIALLY DEFERRED);
CREATE UNIQUE INDEX "auth_group_permissions_group_id_permission_id_0cd325b0_uniq" ON "auth_group_permissions" ("group_id", "permission_id");
CREATE INDEX IF NOT EXISTS "auth_group_permissions_group_id_b120cbf9" ON "auth_group_permissions" ("group_id");
CREATE INDEX IF NOT EXISTS "auth_group_permissions_permission_id_84c5c92e" ON "auth_group_permissions" ("permission_id");
CREATE UNIQUE INDEX "auth_permission_content_type_id_codename_01ab375a_uniq" ON "auth_permission" ("content_type_id", "codename");
CREATE INDEX IF NOT EXISTS "auth_permission_content_type_id_2f476e4b" ON "auth_permission" ("content_type_id");
CREATE UNIQUE INDEX "auth_user_groups_user_id_group_id_94350c0c_uniq" ON "auth_user_groups" ("user_id", "group_id");
CREATE INDEX IF NOT EXISTS "auth_user_groups_user_id_6a12ed8b" ON "auth_user_groups" ("user_id");
CREATE INDEX IF NOT EXISTS "auth_user_groups_group_id_97559544" ON "auth_user_groups" ("group_id");
CREATE UNIQUE INDEX "auth_user_user_permissions_user_id_permission_id_14a6b632_uniq" ON "auth_user_user_permissions" ("user_id", "permission_id");
CREATE INDEX IF NOT EXISTS "auth_user_user_permissions_user_id_a95ead1b" ON "auth_user_user_permissions" ("user_id");
CREATE INDEX IF NOT EXISTS "auth_user_user_permissions_permission_id_1fbb5f2c" ON "auth_user_user_permissions" ("permission_id");
CREATE INDEX IF NOT EXISTS "django_admin_log_content_type_id_c4bce8eb" ON "django_admin_log" ("content_type_id");
CREATE INDEX IF NOT EXISTS "django_admin_log_user_id_c564eba6" ON "django_admin_log" ("user_id");
CREATE UNIQUE INDEX "django_content_type_app_label_model_76bd3d3b_uniq" ON "django_content_type" ("app_label", "model");
CREATE INDEX IF NOT EXISTS "django_session_expire_date_a5c62663" ON "django_session" ("expire_date");
CREATE INDEX IF NOT EXISTS "frontend_module_label_58c52d82" ON "frontend_module" ("label");
CREATE INDEX IF NOT EXISTS "viewflow_process_artifact_content_type_id_8e40f778" ON "viewflow_process" ("artifact_content_type_id");
CREATE INDEX IF NOT EXISTS "viewflow_task_status_ffb4516b" ON "viewflow_task" ("status");
CREATE INDEX IF NOT EXISTS "viewflow_task_external_task_id_2f93bc2f" ON "viewflow_task" ("external_task_id");
CREATE INDEX IF NOT EXISTS "viewflow_task_owner_id_01b087bd" ON "viewflow_task" ("owner_id");
CREATE INDEX IF NOT EXISTS "viewflow_task_process_id_619bc849" ON "viewflow_task" ("process_id");
CREATE INDEX IF NOT EXISTS "viewflow_task_artifact_content_type_id_50385e8d" ON "viewflow_task" ("artifact_content_type_id");
CREATE UNIQUE INDEX "viewflow_task_previous_from_task_id_to_task_id_a979d787_uniq" ON "viewflow_task_previous" ("from_task_id", "to_task_id");
CREATE INDEX IF NOT EXISTS "viewflow_task_previous_from_task_id_da5536f6" ON "viewflow_task_previous" ("from_task_id");
CREATE INDEX IF NOT EXISTS "viewflow_task_previous_to_task_id_7d3a2081" ON "viewflow_task_previous" ("to_task_id");
CREATE TABLE IF NOT EXISTS "blog_blog" ("id" integer NOT NULL PRIMARY KEY AUTOINCREMENT, "title" varchar(10) NOT NULL, "title_en" varchar(10) NULL, "title_de" varchar(10) NULL, "title_tr" varchar(10) NULL, "content" varchar(300) NOT NULL, "slug" varchar(30) NOT NULL UNIQUE, "slug_en" varchar(30) NULL UNIQUE, "slug_de" varchar(30) NULL UNIQUE, "slug_tr" varchar(30) NULL UNIQUE);
INSERT INTO "blog_blog" VALUES(1,'Django','Django','Jago','Djago','Django with python','web_7','web_7','Netz_sieben','ag_yedi');
CREATE UNIQUE INDEX "auth_group_permissions_group_id_permission_id_0cd325b0_uniq" ON "auth_group_permissions" ("group_id", "permission_id");
CREATE INDEX IF NOT EXISTS "auth_group_permissions_group_id_b120cbf9" ON "auth_group_permissions" ("group_id");
CREATE INDEX IF NOT EXISTS "auth_group_permissions_permission_id_84c5c92e" ON "auth_group_permissions" ("permission_id");
CREATE UNIQUE INDEX "auth_permission_content_type_id_codename_01ab375a_uniq" ON "auth_permission" ("content_type_id", "codename");
CREATE INDEX IF NOT EXISTS "auth_permission_content_type_id_2f476e4b" ON "auth_permission" ("content_type_id");
CREATE UNIQUE INDEX "auth_user_groups_user_id_group_id_94350c0c_uniq" ON "auth_user_groups" ("user_id", "group_id");
CREATE INDEX IF NOT EXISTS "auth_user_groups_user_id_6a12ed8b" ON "auth_user_groups" ("user_id");
CREATE INDEX IF NOT EXISTS "auth_user_groups_group_id_97559544" ON "auth_user_groups" ("group_id");
CREATE UNIQUE INDEX "auth_user_user_permissions_user_id_permission_id_14a6b632_uniq" ON "auth_user_user_permissions" ("user_id", "permission_id");
CREATE INDEX IF NOT EXISTS "auth_user_user_permissions_user_id_a95ead1b" ON "auth_user_user_permissions" ("user_id");
CREATE INDEX IF NOT EXISTS "auth_user_user_permissions_permission_id_1fbb5f2c" ON "auth_user_user_permissions" ("permission_id");
CREATE INDEX IF NOT EXISTS "django_admin_log_content_type_id_c4bce8eb" ON "django_admin_log" ("content_type_id");
CREATE INDEX IF NOT EXISTS "django_admin_log_user_id_c564eba6" ON "django_admin_log" ("user_id");
CREATE UNIQUE INDEX "django_content_type_app_label_model_76bd3d3b_uniq" ON "django_content_type" ("app_label", "model");
CREATE INDEX IF NOT EXISTS "django_session_expire_date_a5c62663" ON "django_session" ("expire_date");
CREATE INDEX IF NOT EXISTS "frontend_module_label_58c52d82" ON "frontend_module" ("label");
CREATE INDEX IF NOT EXISTS "viewflow_process_artifact_content_type_id_8e40f778" ON "viewflow_process" ("artifact_content_type_id");
CREATE INDEX IF NOT EXISTS "viewflow_task_status_ffb4516b" ON "viewflow_task" ("status");
CREATE INDEX IF NOT EXISTS "viewflow_task_external_task_id_2f93bc2f" ON "viewflow_task" ("external_task_id");
CREATE INDEX IF NOT EXISTS "viewflow_task_owner_id_01b087bd" ON "viewflow_task" ("owner_id");
CREATE INDEX IF NOT EXISTS "viewflow_task_process_id_619bc849" ON "viewflow_task" ("process_id");
CREATE INDEX IF NOT EXISTS "viewflow_task_artifact_content_type_id_50385e8d" ON "viewflow_task" ("artifact_content_type_id");
CREATE UNIQUE INDEX "viewflow_task_previous_from_task_id_to_task_id_a979d787_uniq" ON "viewflow_task_previous" ("from_task_id", "to_task_id");
CREATE INDEX IF NOT EXISTS "viewflow_task_previous_from_task_id_da5536f6" ON "viewflow_task_previous" ("from_task_id");
CREATE INDEX IF NOT EXISTS "viewflow_task_previous_to_task_id_7d3a2081" ON "viewflow_task_previous" ("to_task_id");
CREATE TABLE IF NOT EXISTS "django_admin_log" ("id" integer NOT NULL PRIMARY KEY AUTOINCREMENT, "action_time" datetime NOT NULL, "object_id" text NULL, "object_repr" varchar(200) NOT NULL, "change_message" text NOT NULL, "content_type_id" integer NULL REFERENCES "django_content_type" ("id") DEFERRABLE INITIALLY DEFERRED, "user_id" integer NOT NULL REFERENCES "auth_user" ("id") DEFERRABLE INITIALLY DEFERRED, "action_flag" smallint unsigned NOT NULL CHECK ("action_flag" >= 0));
CREATE UNIQUE INDEX "auth_group_permissions_group_id_permission_id_0cd325b0_uniq" ON "auth_group_permissions" ("group_id", "permission_id");
CREATE INDEX IF NOT EXISTS "auth_group_permissions_group_id_b120cbf9" ON "auth_group_permissions" ("group_id");
CREATE INDEX IF NOT EXISTS "auth_group_permissions_permission_id_84c5c92e" ON "auth_group_permissions" ("permission_id");
CREATE UNIQUE INDEX "auth_permission_content_type_id_codename_01ab375a_uniq" ON "auth_permission" ("content_type_id", "codename");
CREATE INDEX IF NOT EXISTS "auth_permission_content_type_id_2f476e4b" ON "auth_permission" ("content_type_id");
CREATE UNIQUE INDEX "auth_user_groups_user_id_group_id_94350c0c_uniq" ON "auth_user_groups" ("user_id", "group_id");
CREATE INDEX IF NOT EXISTS "auth_user_groups_user_id_6a12ed8b" ON "auth_user_groups" ("user_id");
CREATE INDEX IF NOT EXISTS "auth_user_groups_group_id_97559544" ON "auth_user_groups" ("group_id");
CREATE UNIQUE INDEX "auth_user_user_permissions_user_id_permission_id_14a6b632_uniq" ON "auth_user_user_permissions" ("user_id", "permission_id");
CREATE INDEX IF NOT EXISTS "auth_user_user_permissions_user_id_a95ead1b" ON "auth_user_user_permissions" ("user_id");
CREATE INDEX IF NOT EXISTS "auth_user_user_permissions_permission_id_1fbb5f2c" ON "auth_user_user_permissions" ("permission_id");
CREATE INDEX IF NOT EXISTS "django_admin_log_content_type_id_c4bce8eb" ON "django_admin_log" ("content_type_id");
CREATE INDEX IF NOT EXISTS "django_admin_log_user_id_c564eba6" ON "django_admin_log" ("user_id");
CREATE UNIQUE INDEX "django_content_type_app_label_model_76bd3d3b_uniq" ON "django_content_type" ("app_label", "model");
CREATE INDEX IF NOT EXISTS "django_session_expire_date_a5c62663" ON "django_session" ("expire_date");
CREATE INDEX IF NOT EXISTS "frontend_module_label_58c52d82" ON "frontend_module" ("label");
CREATE INDEX IF NOT EXISTS "viewflow_process_artifact_content_type_id_8e40f778" ON "viewflow_process" ("artifact_content_type_id");
CREATE INDEX IF NOT EXISTS "viewflow_task_status_ffb4516b" ON "viewflow_task" ("status");
CREATE INDEX IF NOT EXISTS "viewflow_task_external_task_id_2f93bc2f" ON "viewflow_task" ("external_task_id");
CREATE INDEX IF NOT EXISTS "viewflow_task_owner_id_01b087bd" ON "viewflow_task" ("owner_id");
CREATE INDEX IF NOT EXISTS "viewflow_task_process_id_619bc849" ON "viewflow_task" ("process_id");
CREATE INDEX IF NOT EXISTS "viewflow_task_artifact_content_type_id_50385e8d" ON "viewflow_task" ("artifact_content_type_id");
CREATE UNIQUE INDEX "viewflow_task_previous_from_task_id_to_task_id_a979d787_uniq" ON "viewflow_task_previous" ("from_task_id", "to_task_id");
CREATE INDEX IF NOT EXISTS "viewflow_task_previous_from_task_id_da5536f6" ON "viewflow_task_previous" ("from_task_id");
CREATE INDEX IF NOT EXISTS "viewflow_task_previous_to_task_id_7d3a2081" ON "viewflow_task_previous" ("to_task_id");
CREATE TABLE IF NOT EXISTS "django_content_type" ("id" integer NOT NULL PRIMARY KEY AUTOINCREMENT, "app_label" varchar(100) NOT NULL, "model" varchar(100) NOT NULL);
INSERT INTO "django_content_type" VALUES(1,'admin','logentry');
INSERT INTO "django_content_type" VALUES(2,'auth','permission');
INSERT INTO "django_content_type" VALUES(3,'auth','group');
INSERT INTO "django_content_type" VALUES(4,'auth','user');
INSERT INTO "django_content_type" VALUES(5,'contenttypes','contenttype');
INSERT INTO "django_content_type" VALUES(6,'sessions','session');
INSERT INTO "django_content_type" VALUES(7,'dummy','person');
INSERT INTO "django_content_type" VALUES(8,'microfinance','account');
INSERT INTO "django_content_type" VALUES(9,'microfinance','checkout');
INSERT INTO "django_content_type" VALUES(10,'microfinance','microfinance');
INSERT INTO "django_content_type" VALUES(11,'microfinance','session_levels');
INSERT INTO "django_content_type" VALUES(12,'emails','email');
INSERT INTO "django_content_type" VALUES(13,'frontend','module');
INSERT INTO "django_content_type" VALUES(14,'viewflow','process');
INSERT INTO "django_content_type" VALUES(15,'viewflow','task');
INSERT INTO "django_content_type" VALUES(16,'lang','home');
INSERT INTO "django_content_type" VALUES(17,'blog','blog');
INSERT INTO "django_content_type" VALUES(18,'map','data');
CREATE UNIQUE INDEX "auth_group_permissions_group_id_permission_id_0cd325b0_uniq" ON "auth_group_permissions" ("group_id", "permission_id");
CREATE INDEX IF NOT EXISTS "auth_group_permissions_group_id_b120cbf9" ON "auth_group_permissions" ("group_id");
CREATE INDEX IF NOT EXISTS "auth_group_permissions_permission_id_84c5c92e" ON "auth_group_permissions" ("permission_id");
CREATE UNIQUE INDEX "auth_permission_content_type_id_codename_01ab375a_uniq" ON "auth_permission" ("content_type_id", "codename");
CREATE INDEX IF NOT EXISTS "auth_permission_content_type_id_2f476e4b" ON "auth_permission" ("content_type_id");
CREATE UNIQUE INDEX "auth_user_groups_user_id_group_id_94350c0c_uniq" ON "auth_user_groups" ("user_id", "group_id");
CREATE INDEX IF NOT EXISTS "auth_user_groups_user_id_6a12ed8b" ON "auth_user_groups" ("user_id");
CREATE INDEX IF NOT EXISTS "auth_user_groups_group_id_97559544" ON "auth_user_groups" ("group_id");
CREATE UNIQUE INDEX "auth_user_user_permissions_user_id_permission_id_14a6b632_uniq" ON "auth_user_user_permissions" ("user_id", "permission_id");
CREATE INDEX IF NOT EXISTS "auth_user_user_permissions_user_id_a95ead1b" ON "auth_user_user_permissions" ("user_id");
CREATE INDEX IF NOT EXISTS "auth_user_user_permissions_permission_id_1fbb5f2c" ON "auth_user_user_permissions" ("permission_id");
CREATE INDEX IF NOT EXISTS "django_admin_log_content_type_id_c4bce8eb" ON "django_admin_log" ("content_type_id");
CREATE INDEX IF NOT EXISTS "django_admin_log_user_id_c564eba6" ON "django_admin_log" ("user_id");
CREATE UNIQUE INDEX "django_content_type_app_label_model_76bd3d3b_uniq" ON "django_content_type" ("app_label", "model");
CREATE INDEX IF NOT EXISTS "django_session_expire_date_a5c62663" ON "django_session" ("expire_date");
CREATE INDEX IF NOT EXISTS "frontend_module_label_58c52d82" ON "frontend_module" ("label");
CREATE INDEX IF NOT EXISTS "viewflow_process_artifact_content_type_id_8e40f778" ON "viewflow_process" ("artifact_content_type_id");
CREATE INDEX IF NOT EXISTS "viewflow_task_status_ffb4516b" ON "viewflow_task" ("status");
CREATE INDEX IF NOT EXISTS "viewflow_task_external_task_id_2f93bc2f" ON "viewflow_task" ("external_task_id");
CREATE INDEX IF NOT EXISTS "viewflow_task_owner_id_01b087bd" ON "viewflow_task" ("owner_id");
CREATE INDEX IF NOT EXISTS "viewflow_task_process_id_619bc849" ON "viewflow_task" ("process_id");
CREATE INDEX IF NOT EXISTS "viewflow_task_artifact_content_type_id_50385e8d" ON "viewflow_task" ("artifact_content_type_id");
CREATE UNIQUE INDEX "viewflow_task_previous_from_task_id_to_task_id_a979d787_uniq" ON "viewflow_task_previous" ("from_task_id", "to_task_id");
CREATE INDEX IF NOT EXISTS "viewflow_task_previous_from_task_id_da5536f6" ON "viewflow_task_previous" ("from_task_id");
CREATE INDEX IF NOT EXISTS "viewflow_task_previous_to_task_id_7d3a2081" ON "viewflow_task_previous" ("to_task_id");
CREATE TABLE IF NOT EXISTS "django_migrations" ("id" integer NOT NULL PRIMARY KEY AUTOINCREMENT, "app" varchar(255) NOT NULL, "name" varchar(255) NOT NULL, "applied" datetime NOT NULL);
INSERT INTO "django_migrations" VALUES(1,'contenttypes','0001_initial','2022-05-19 11:07:14.192339');
INSERT INTO "django_migrations" VALUES(2,'auth','0001_initial','2022-05-19 11:07:14.233595');
INSERT INTO "django_migrations" VALUES(3,'admin','0001_initial','2022-05-19 11:07:14.297420');
INSERT INTO "django_migrations" VALUES(4,'admin','0002_logentry_remove_auto_add','2022-05-19 11:07:14.408666');
INSERT INTO "django_migrations" VALUES(5,'admin','0003_logentry_add_action_flag_choices','2022-05-19 11:07:14.440791');
INSERT INTO "django_migrations" VALUES(6,'contenttypes','0002_remove_content_type_name','2022-05-19 11:07:14.499229');
INSERT INTO "django_migrations" VALUES(7,'auth','0002_alter_permission_name_max_length','2022-05-19 11:07:14.537758');
INSERT INTO "django_migrations" VALUES(8,'auth','0003_alter_user_email_max_length','2022-05-19 11:07:14.644253');
INSERT INTO "django_migrations" VALUES(9,'auth','0004_alter_user_username_opts','2022-05-19 11:07:14.679470');
INSERT INTO "django_migrations" VALUES(10,'auth','0005_alter_user_last_login_null','2022-05-19 11:07:14.717067');
INSERT INTO "django_migrations" VALUES(11,'auth','0006_require_contenttypes_0002','2022-05-19 11:07:14.730317');
INSERT INTO "django_migrations" VALUES(12,'auth','0007_alter_validators_add_error_messages','2022-05-19 11:07:14.757658');
INSERT INTO "django_migrations" VALUES(13,'auth','0008_alter_user_username_max_length','2022-05-19 11:07:14.789310');
INSERT INTO "django_migrations" VALUES(14,'auth','0009_alter_user_last_name_max_length','2022-05-19 11:07:14.817205');
INSERT INTO "django_migrations" VALUES(15,'auth','0010_alter_group_name_max_length','2022-05-19 11:07:14.845450');
INSERT INTO "django_migrations" VALUES(16,'auth','0011_update_proxy_permissions','2022-05-19 11:07:14.876812');
INSERT INTO "django_migrations" VALUES(17,'sessions','0001_initial','2022-05-19 11:07:14.889484');
INSERT INTO "django_migrations" VALUES(18,'dummy','0001_initial','2022-05-19 12:55:46.955264');
INSERT INTO "django_migrations" VALUES(19,'microfinance','0001_initial','2022-05-26 10:04:05.674479');
INSERT INTO "django_migrations" VALUES(20,'emails','0001_initial','2022-06-01 18:23:25.209834');
INSERT INTO "django_migrations" VALUES(21,'frontend','0001_initial','2022-06-02 09:44:02.167002');
INSERT INTO "django_migrations" VALUES(22,'frontend','0002_i18n','2022-06-02 09:44:02.203002');
INSERT INTO "django_migrations" VALUES(23,'viewflow','0001_initial','2022-06-02 09:44:02.239753');
INSERT INTO "django_migrations" VALUES(24,'viewflow','0002_fsmchange','2022-06-02 09:44:02.317592');
INSERT INTO "django_migrations" VALUES(25,'viewflow','0003_task_owner_permission_change','2022-06-02 09:44:02.354992');
INSERT INTO "django_migrations" VALUES(26,'viewflow','0004_extend_fields_length','2022-06-02 09:44:02.415686');
INSERT INTO "django_migrations" VALUES(27,'viewflow','0005_rename_flowcls','2022-06-02 09:44:02.448764');
INSERT INTO "django_migrations" VALUES(28,'viewflow','0006_i18n','2022-06-02 09:44:02.820970');
INSERT INTO "django_migrations" VALUES(29,'viewflow','0007_task_assigned','2022-06-02 09:44:02.860013');
INSERT INTO "django_migrations" VALUES(30,'viewflow','0008_jsonfield_and_artifact','2022-06-02 09:44:03.003282');
INSERT INTO "django_migrations" VALUES(31,'lang','0001_initial','2022-06-02 18:04:11.533948');
INSERT INTO "django_migrations" VALUES(32,'blog','0001_initial','2022-06-02 18:22:02.869532');
INSERT INTO "django_migrations" VALUES(33,'lang','0002_auto_20220602_1821','2022-06-02 18:22:02.978848');
INSERT INTO "django_migrations" VALUES(34,'map','0001_initial','2022-06-02 23:42:17.052238');
INSERT INTO "django_migrations" VALUES(35,'map','0002_auto_20220603_0000','2022-06-03 00:01:07.657330');
CREATE UNIQUE INDEX "auth_group_permissions_group_id_permission_id_0cd325b0_uniq" ON "auth_group_permissions" ("group_id", "permission_id");
CREATE INDEX IF NOT EXISTS "auth_group_permissions_group_id_b120cbf9" ON "auth_group_permissions" ("group_id");
CREATE INDEX IF NOT EXISTS "auth_group_permissions_permission_id_84c5c92e" ON "auth_group_permissions" ("permission_id");
CREATE UNIQUE INDEX "auth_permission_content_type_id_codename_01ab375a_uniq" ON "auth_permission" ("content_type_id", "codename");
CREATE INDEX IF NOT EXISTS "auth_permission_content_type_id_2f476e4b" ON "auth_permission" ("content_type_id");
CREATE UNIQUE INDEX "auth_user_groups_user_id_group_id_94350c0c_uniq" ON "auth_user_groups" ("user_id", "group_id");
CREATE INDEX IF NOT EXISTS "auth_user_groups_user_id_6a12ed8b" ON "auth_user_groups" ("user_id");
CREATE INDEX IF NOT EXISTS "auth_user_groups_group_id_97559544" ON "auth_user_groups" ("group_id");
CREATE UNIQUE INDEX "auth_user_user_permissions_user_id_permission_id_14a6b632_uniq" ON "auth_user_user_permissions" ("user_id", "permission_id");
CREATE INDEX IF NOT EXISTS "auth_user_user_permissions_user_id_a95ead1b" ON "auth_user_user_permissions" ("user_id");
CREATE INDEX IF NOT EXISTS "auth_user_user_permissions_permission_id_1fbb5f2c" ON "auth_user_user_permissions" ("permission_id");
CREATE INDEX IF NOT EXISTS "django_admin_log_content_type_id_c4bce8eb" ON "django_admin_log" ("content_type_id");
CREATE INDEX IF NOT EXISTS "django_admin_log_user_id_c564eba6" ON "django_admin_log" ("user_id");
CREATE UNIQUE INDEX "django_content_type_app_label_model_76bd3d3b_uniq" ON "django_content_type" ("app_label", "model");
CREATE INDEX IF NOT EXISTS "django_session_expire_date_a5c62663" ON "django_session" ("expire_date");
CREATE INDEX IF NOT EXISTS "frontend_module_label_58c52d82" ON "frontend_module" ("label");
CREATE INDEX IF NOT EXISTS "viewflow_process_artifact_content_type_id_8e40f778" ON "viewflow_process" ("artifact_content_type_id");
CREATE INDEX IF NOT EXISTS "viewflow_task_status_ffb4516b" ON "viewflow_task" ("status");
CREATE INDEX IF NOT EXISTS "viewflow_task_external_task_id_2f93bc2f" ON "viewflow_task" ("external_task_id");
CREATE INDEX IF NOT EXISTS "viewflow_task_owner_id_01b087bd" ON "viewflow_task" ("owner_id");
CREATE INDEX IF NOT EXISTS "viewflow_task_process_id_619bc849" ON "viewflow_task" ("process_id");
CREATE INDEX IF NOT EXISTS "viewflow_task_artifact_content_type_id_50385e8d" ON "viewflow_task" ("artifact_content_type_id");
CREATE UNIQUE INDEX "viewflow_task_previous_from_task_id_to_task_id_a979d787_uniq" ON "viewflow_task_previous" ("from_task_id", "to_task_id");
CREATE INDEX IF NOT EXISTS "viewflow_task_previous_from_task_id_da5536f6" ON "viewflow_task_previous" ("from_task_id");
CREATE INDEX IF NOT EXISTS "viewflow_task_previous_to_task_id_7d3a2081" ON "viewflow_task_previous" ("to_task_id");
CREATE TABLE IF NOT EXISTS "django_session" ("session_key" varchar(40) NOT NULL PRIMARY KEY, "session_data" text NOT NULL, "expire_date" datetime NOT NULL);
INSERT INTO "django_session" VALUES('arxdn0sbfpno0gnxvs2qhp0trc73iskn','OTljZTViYTEyYzVmZTRkMmI3YTkwMzNlNjljMzc5NmVlNDE4ODJmNTp7Il9hdXRoX3VzZXJfaWQiOiIxIiwiX2F1dGhfdXNlcl9iYWNrZW5kIjoiZGphbmdvLmNvbnRyaWIuYXV0aC5iYWNrZW5kcy5Nb2RlbEJhY2tlbmQiLCJfYXV0aF91c2VyX2hhc2giOiJlNmQ0OTM4NGNkMDQyNTA3MmQ4YjM1MzcyZjNlZTc4NzZhNjkyMDFkIn0=','2022-06-02 13:44:27.392653');
INSERT INTO "django_session" VALUES('u2wvt0xemi1img8ly4kdl7vet11btyxa','OTljZTViYTEyYzVmZTRkMmI3YTkwMzNlNjljMzc5NmVlNDE4ODJmNTp7Il9hdXRoX3VzZXJfaWQiOiIxIiwiX2F1dGhfdXNlcl9iYWNrZW5kIjoiZGphbmdvLmNvbnRyaWIuYXV0aC5iYWNrZW5kcy5Nb2RlbEJhY2tlbmQiLCJfYXV0aF91c2VyX2hhc2giOiJlNmQ0OTM4NGNkMDQyNTA3MmQ4YjM1MzcyZjNlZTc4NzZhNjkyMDFkIn0=','2022-06-16 18:39:14.861102');
CREATE UNIQUE INDEX "auth_group_permissions_group_id_permission_id_0cd325b0_uniq" ON "auth_group_permissions" ("group_id", "permission_id");
CREATE INDEX IF NOT EXISTS "auth_group_permissions_group_id_b120cbf9" ON "auth_group_permissions" ("group_id");
CREATE INDEX IF NOT EXISTS "auth_group_permissions_permission_id_84c5c92e" ON "auth_group_permissions" ("permission_id");
CREATE UNIQUE INDEX "auth_permission_content_type_id_codename_01ab375a_uniq" ON "auth_permission" ("content_type_id", "codename");
CREATE INDEX IF NOT EXISTS "auth_permission_content_type_id_2f476e4b" ON "auth_permission" ("content_type_id");
CREATE UNIQUE INDEX "auth_user_groups_user_id_group_id_94350c0c_uniq" ON "auth_user_groups" ("user_id", "group_id");
CREATE INDEX IF NOT EXISTS "auth_user_groups_user_id_6a12ed8b" ON "auth_user_groups" ("user_id");
CREATE INDEX IF NOT EXISTS "auth_user_groups_group_id_97559544" ON "auth_user_groups" ("group_id");
CREATE UNIQUE INDEX "auth_user_user_permissions_user_id_permission_id_14a6b632_uniq" ON "auth_user_user_permissions" ("user_id", "permission_id");
CREATE INDEX IF NOT EXISTS "auth_user_user_permissions_user_id_a95ead1b" ON "auth_user_user_permissions" ("user_id");
CREATE INDEX IF NOT EXISTS "auth_user_user_permissions_permission_id_1fbb5f2c" ON "auth_user_user_permissions" ("permission_id");
CREATE INDEX IF NOT EXISTS "django_admin_log_content_type_id_c4bce8eb" ON "django_admin_log" ("content_type_id");
CREATE INDEX IF NOT EXISTS "django_admin_log_user_id_c564eba6" ON "django_admin_log" ("user_id");
CREATE UNIQUE INDEX "django_content_type_app_label_model_76bd3d3b_uniq" ON "django_content_type" ("app_label", "model");
CREATE INDEX IF NOT EXISTS "django_session_expire_date_a5c62663" ON "django_session" ("expire_date");
CREATE INDEX IF NOT EXISTS "frontend_module_label_58c52d82" ON "frontend_module" ("label");
CREATE INDEX IF NOT EXISTS "viewflow_process_artifact_content_type_id_8e40f778" ON "viewflow_process" ("artifact_content_type_id");
CREATE INDEX IF NOT EXISTS "viewflow_task_status_ffb4516b" ON "viewflow_task" ("status");
CREATE INDEX IF NOT EXISTS "viewflow_task_external_task_id_2f93bc2f" ON "viewflow_task" ("external_task_id");
CREATE INDEX IF NOT EXISTS "viewflow_task_owner_id_01b087bd" ON "viewflow_task" ("owner_id");
CREATE INDEX IF NOT EXISTS "viewflow_task_process_id_619bc849" ON "viewflow_task" ("process_id");
CREATE INDEX IF NOT EXISTS "viewflow_task_artifact_content_type_id_50385e8d" ON "viewflow_task" ("artifact_content_type_id");
CREATE UNIQUE INDEX "viewflow_task_previous_from_task_id_to_task_id_a979d787_uniq" ON "viewflow_task_previous" ("from_task_id", "to_task_id");
CREATE INDEX IF NOT EXISTS "viewflow_task_previous_from_task_id_da5536f6" ON "viewflow_task_previous" ("from_task_id");
CREATE INDEX IF NOT EXISTS "viewflow_task_previous_to_task_id_7d3a2081" ON "viewflow_task_previous" ("to_task_id");
CREATE TABLE IF NOT EXISTS "dummy_person" ("id" integer NOT NULL PRIMARY KEY AUTOINCREMENT, "name" varchar(100) NOT NULL, "country" varchar(2) NOT NULL);
INSERT INTO "dummy_person" VALUES(1,'','AO');
INSERT INTO "dummy_person" VALUES(2,'','AR');
INSERT INTO "dummy_person" VALUES(3,'','GH');
CREATE UNIQUE INDEX "auth_group_permissions_group_id_permission_id_0cd325b0_uniq" ON "auth_group_permissions" ("group_id", "permission_id");
CREATE INDEX IF NOT EXISTS "auth_group_permissions_group_id_b120cbf9" ON "auth_group_permissions" ("group_id");
CREATE INDEX IF NOT EXISTS "auth_group_permissions_permission_id_84c5c92e" ON "auth_group_permissions" ("permission_id");
CREATE UNIQUE INDEX "auth_permission_content_type_id_codename_01ab375a_uniq" ON "auth_permission" ("content_type_id", "codename");
CREATE INDEX IF NOT EXISTS "auth_permission_content_type_id_2f476e4b" ON "auth_permission" ("content_type_id");
CREATE UNIQUE INDEX "auth_user_groups_user_id_group_id_94350c0c_uniq" ON "auth_user_groups" ("user_id", "group_id");
CREATE INDEX IF NOT EXISTS "auth_user_groups_user_id_6a12ed8b" ON "auth_user_groups" ("user_id");
CREATE INDEX IF NOT EXISTS "auth_user_groups_group_id_97559544" ON "auth_user_groups" ("group_id");
CREATE UNIQUE INDEX "auth_user_user_permissions_user_id_permission_id_14a6b632_uniq" ON "auth_user_user_permissions" ("user_id", "permission_id");
CREATE INDEX IF NOT EXISTS "auth_user_user_permissions_user_id_a95ead1b" ON "auth_user_user_permissions" ("user_id");
CREATE INDEX IF NOT EXISTS "auth_user_user_permissions_permission_id_1fbb5f2c" ON "auth_user_user_permissions" ("permission_id");
CREATE INDEX IF NOT EXISTS "django_admin_log_content_type_id_c4bce8eb" ON "django_admin_log" ("content_type_id");
CREATE INDEX IF NOT EXISTS "django_admin_log_user_id_c564eba6" ON "django_admin_log" ("user_id");
CREATE UNIQUE INDEX "django_content_type_app_label_model_76bd3d3b_uniq" ON "django_content_type" ("app_label", "model");
CREATE INDEX IF NOT EXISTS "django_session_expire_date_a5c62663" ON "django_session" ("expire_date");
CREATE INDEX IF NOT EXISTS "frontend_module_label_58c52d82" ON "frontend_module" ("label");
CREATE INDEX IF NOT EXISTS "viewflow_process_artifact_content_type_id_8e40f778" ON "viewflow_process" ("artifact_content_type_id");
CREATE INDEX IF NOT EXISTS "viewflow_task_status_ffb4516b" ON "viewflow_task" ("status");
CREATE INDEX IF NOT EXISTS "viewflow_task_external_task_id_2f93bc2f" ON "viewflow_task" ("external_task_id");
CREATE INDEX IF NOT EXISTS "viewflow_task_owner_id_01b087bd" ON "viewflow_task" ("owner_id");
CREATE INDEX IF NOT EXISTS "viewflow_task_process_id_619bc849" ON "viewflow_task" ("process_id");
CREATE INDEX IF NOT EXISTS "viewflow_task_artifact_content_type_id_50385e8d" ON "viewflow_task" ("artifact_content_type_id");
CREATE UNIQUE INDEX "viewflow_task_previous_from_task_id_to_task_id_a979d787_uniq" ON "viewflow_task_previous" ("from_task_id", "to_task_id");
CREATE INDEX IF NOT EXISTS "viewflow_task_previous_from_task_id_da5536f6" ON "viewflow_task_previous" ("from_task_id");
CREATE INDEX IF NOT EXISTS "viewflow_task_previous_to_task_id_7d3a2081" ON "viewflow_task_previous" ("to_task_id");
CREATE TABLE IF NOT EXISTS "emails_email" ("id" integer NOT NULL PRIMARY KEY AUTOINCREMENT, "from_email" varchar(200) NOT NULL, "to_email" varchar(200) NOT NULL, "subject" varchar(200) NOT NULL, "message" varchar(200) NOT NULL, "file" varchar(100) NULL, "send_time" datetime NOT NULL, "status" varchar(200) NOT NULL, "important" bool NOT NULL);
INSERT INTO "emails_email" VALUES(1,'yeboahd24@gmail.com','yeboahd24@gmail.com','Test','test','','2022-06-01 19:17:15.893473','sent',0);
INSERT INTO "emails_email" VALUES(2,'yeboahd24@gmail.com','yeboahd24@gmail.com','Test','test','','2022-06-01 19:23:38.665878','sent',0);
INSERT INTO "emails_email" VALUES(3,'yeboahd24@gmail.com','yeboahd24@gmail.com','Test','test','','2022-06-01 19:24:10.047807','sent',0);
CREATE UNIQUE INDEX "auth_group_permissions_group_id_permission_id_0cd325b0_uniq" ON "auth_group_permissions" ("group_id", "permission_id");
CREATE INDEX IF NOT EXISTS "auth_group_permissions_group_id_b120cbf9" ON "auth_group_permissions" ("group_id");
CREATE INDEX IF NOT EXISTS "auth_group_permissions_permission_id_84c5c92e" ON "auth_group_permissions" ("permission_id");
CREATE UNIQUE INDEX "auth_permission_content_type_id_codename_01ab375a_uniq" ON "auth_permission" ("content_type_id", "codename");
CREATE INDEX IF NOT EXISTS "auth_permission_content_type_id_2f476e4b" ON "auth_permission" ("content_type_id");
CREATE UNIQUE INDEX "auth_user_groups_user_id_group_id_94350c0c_uniq" ON "auth_user_groups" ("user_id", "group_id");
CREATE INDEX IF NOT EXISTS "auth_user_groups_user_id_6a12ed8b" ON "auth_user_groups" ("user_id");
CREATE INDEX IF NOT EXISTS "auth_user_groups_group_id_97559544" ON "auth_user_groups" ("group_id");
CREATE UNIQUE INDEX "auth_user_user_permissions_user_id_permission_id_14a6b632_uniq" ON "auth_user_user_permissions" ("user_id", "permission_id");
CREATE INDEX IF NOT EXISTS "auth_user_user_permissions_user_id_a95ead1b" ON "auth_user_user_permissions" ("user_id");
CREATE INDEX IF NOT EXISTS "auth_user_user_permissions_permission_id_1fbb5f2c" ON "auth_user_user_permissions" ("permission_id");
CREATE INDEX IF NOT EXISTS "django_admin_log_content_type_id_c4bce8eb" ON "django_admin_log" ("content_type_id");
CREATE INDEX IF NOT EXISTS "django_admin_log_user_id_c564eba6" ON "django_admin_log" ("user_id");
CREATE UNIQUE INDEX "django_content_type_app_label_model_76bd3d3b_uniq" ON "django_content_type" ("app_label", "model");
CREATE INDEX IF NOT EXISTS "django_session_expire_date_a5c62663" ON "django_session" ("expire_date");
CREATE INDEX IF NOT EXISTS "frontend_module_label_58c52d82" ON "frontend_module" ("label");
CREATE INDEX IF NOT EXISTS "viewflow_process_artifact_content_type_id_8e40f778" ON "viewflow_process" ("artifact_content_type_id");
CREATE INDEX IF NOT EXISTS "viewflow_task_status_ffb4516b" ON "viewflow_task" ("status");
CREATE INDEX IF NOT EXISTS "viewflow_task_external_task_id_2f93bc2f" ON "viewflow_task" ("external_task_id");
CREATE INDEX IF NOT EXISTS "viewflow_task_owner_id_01b087bd" ON "viewflow_task" ("owner_id");
CREATE INDEX IF NOT EXISTS "viewflow_task_process_id_619bc849" ON "viewflow_task" ("process_id");
CREATE INDEX IF NOT EXISTS "viewflow_task_artifact_content_type_id_50385e8d" ON "viewflow_task" ("artifact_content_type_id");
CREATE UNIQUE INDEX "viewflow_task_previous_from_task_id_to_task_id_a979d787_uniq" ON "viewflow_task_previous" ("from_task_id", "to_task_id");
CREATE INDEX IF NOT EXISTS "viewflow_task_previous_from_task_id_da5536f6" ON "viewflow_task_previous" ("from_task_id");
CREATE INDEX IF NOT EXISTS "viewflow_task_previous_to_task_id_7d3a2081" ON "viewflow_task_previous" ("to_task_id");
CREATE TABLE IF NOT EXISTS "frontend_module" ("id" integer NOT NULL PRIMARY KEY AUTOINCREMENT, "installed" bool NOT NULL, "label" varchar(50) NOT NULL);
INSERT INTO "frontend_module" VALUES(1,1,'viewflow_frontend');
CREATE UNIQUE INDEX "auth_group_permissions_group_id_permission_id_0cd325b0_uniq" ON "auth_group_permissions" ("group_id", "permission_id");
CREATE INDEX IF NOT EXISTS "auth_group_permissions_group_id_b120cbf9" ON "auth_group_permissions" ("group_id");
CREATE INDEX IF NOT EXISTS "auth_group_permissions_permission_id_84c5c92e" ON "auth_group_permissions" ("permission_id");
CREATE UNIQUE INDEX "auth_permission_content_type_id_codename_01ab375a_uniq" ON "auth_permission" ("content_type_id", "codename");
CREATE INDEX IF NOT EXISTS "auth_permission_content_type_id_2f476e4b" ON "auth_permission" ("content_type_id");
CREATE UNIQUE INDEX "auth_user_groups_user_id_group_id_94350c0c_uniq" ON "auth_user_groups" ("user_id", "group_id");
CREATE INDEX IF NOT EXISTS "auth_user_groups_user_id_6a12ed8b" ON "auth_user_groups" ("user_id");
CREATE INDEX IF NOT EXISTS "auth_user_groups_group_id_97559544" ON "auth_user_groups" ("group_id");
CREATE UNIQUE INDEX "auth_user_user_permissions_user_id_permission_id_14a6b632_uniq" ON "auth_user_user_permissions" ("user_id", "permission_id");
CREATE INDEX IF NOT EXISTS "auth_user_user_permissions_user_id_a95ead1b" ON "auth_user_user_permissions" ("user_id");
CREATE INDEX IF NOT EXISTS "auth_user_user_permissions_permission_id_1fbb5f2c" ON "auth_user_user_permissions" ("permission_id");
CREATE INDEX IF NOT EXISTS "django_admin_log_content_type_id_c4bce8eb" ON "django_admin_log" ("content_type_id");
CREATE INDEX IF NOT EXISTS "django_admin_log_user_id_c564eba6" ON "django_admin_log" ("user_id");
CREATE UNIQUE INDEX "django_content_type_app_label_model_76bd3d3b_uniq" ON "django_content_type" ("app_label", "model");
CREATE INDEX IF NOT EXISTS "django_session_expire_date_a5c62663" ON "django_session" ("expire_date");
CREATE INDEX IF NOT EXISTS "frontend_module_label_58c52d82" ON "frontend_module" ("label");
CREATE INDEX IF NOT EXISTS "viewflow_process_artifact_content_type_id_8e40f778" ON "viewflow_process" ("artifact_content_type_id");
CREATE INDEX IF NOT EXISTS "viewflow_task_status_ffb4516b" ON "viewflow_task" ("status");
CREATE INDEX IF NOT EXISTS "viewflow_task_external_task_id_2f93bc2f" ON "viewflow_task" ("external_task_id");
CREATE INDEX IF NOT EXISTS "viewflow_task_owner_id_01b087bd" ON "viewflow_task" ("owner_id");
CREATE INDEX IF NOT EXISTS "viewflow_task_process_id_619bc849" ON "viewflow_task" ("process_id");
CREATE INDEX IF NOT EXISTS "viewflow_task_artifact_content_type_id_50385e8d" ON "viewflow_task" ("artifact_content_type_id");
CREATE UNIQUE INDEX "viewflow_task_previous_from_task_id_to_task_id_a979d787_uniq" ON "viewflow_task_previous" ("from_task_id", "to_task_id");
CREATE INDEX IF NOT EXISTS "viewflow_task_previous_from_task_id_da5536f6" ON "viewflow_task_previous" ("from_task_id");
CREATE INDEX IF NOT EXISTS "viewflow_task_previous_to_task_id_7d3a2081" ON "viewflow_task_previous" ("to_task_id");
CREATE TABLE IF NOT EXISTS "lang_home" ("id" integer NOT NULL PRIMARY KEY AUTOINCREMENT, "title" varchar(10) NOT NULL, "content" varchar(300) NOT NULL, "slug" varchar(30) NOT NULL UNIQUE, "content_de" varchar(300) NULL, "content_en" varchar(300) NULL, "content_tr" varchar(300) NULL, "slug_de" varchar(30) NULL UNIQUE, "slug_en" varchar(30) NULL UNIQUE, "slug_tr" varchar(30) NULL UNIQUE, "title_de" varchar(10) NULL, "title_en" varchar(10) NULL, "title_tr" varchar(10) NULL);
CREATE UNIQUE INDEX "auth_group_permissions_group_id_permission_id_0cd325b0_uniq" ON "auth_group_permissions" ("group_id", "permission_id");
CREATE INDEX IF NOT EXISTS "auth_group_permissions_group_id_b120cbf9" ON "auth_group_permissions" ("group_id");
CREATE INDEX IF NOT EXISTS "auth_group_permissions_permission_id_84c5c92e" ON "auth_group_permissions" ("permission_id");
CREATE UNIQUE INDEX "auth_permission_content_type_id_codename_01ab375a_uniq" ON "auth_permission" ("content_type_id", "codename");
CREATE INDEX IF NOT EXISTS "auth_permission_content_type_id_2f476e4b" ON "auth_permission" ("content_type_id");
CREATE UNIQUE INDEX "auth_user_groups_user_id_group_id_94350c0c_uniq" ON "auth_user_groups" ("user_id", "group_id");
CREATE INDEX IF NOT EXISTS "auth_user_groups_user_id_6a12ed8b" ON "auth_user_groups" ("user_id");
CREATE INDEX IF NOT EXISTS "auth_user_groups_group_id_97559544" ON "auth_user_groups" ("group_id");
CREATE UNIQUE INDEX "auth_user_user_permissions_user_id_permission_id_14a6b632_uniq" ON "auth_user_user_permissions" ("user_id", "permission_id");
CREATE INDEX IF NOT EXISTS "auth_user_user_permissions_user_id_a95ead1b" ON "auth_user_user_permissions" ("user_id");
CREATE INDEX IF NOT EXISTS "auth_user_user_permissions_permission_id_1fbb5f2c" ON "auth_user_user_permissions" ("permission_id");
CREATE INDEX IF NOT EXISTS "django_admin_log_content_type_id_c4bce8eb" ON "django_admin_log" ("content_type_id");
CREATE INDEX IF NOT EXISTS "django_admin_log_user_id_c564eba6" ON "django_admin_log" ("user_id");
CREATE UNIQUE INDEX "django_content_type_app_label_model_76bd3d3b_uniq" ON "django_content_type" ("app_label", "model");
CREATE INDEX IF NOT EXISTS "django_session_expire_date_a5c62663" ON "django_session" ("expire_date");
CREATE INDEX IF NOT EXISTS "frontend_module_label_58c52d82" ON "frontend_module" ("label");
CREATE INDEX IF NOT EXISTS "viewflow_process_artifact_content_type_id_8e40f778" ON "viewflow_process" ("artifact_content_type_id");
CREATE INDEX IF NOT EXISTS "viewflow_task_status_ffb4516b" ON "viewflow_task" ("status");
CREATE INDEX IF NOT EXISTS "viewflow_task_external_task_id_2f93bc2f" ON "viewflow_task" ("external_task_id");
CREATE INDEX IF NOT EXISTS "viewflow_task_owner_id_01b087bd" ON "viewflow_task" ("owner_id");
CREATE INDEX IF NOT EXISTS "viewflow_task_process_id_619bc849" ON "viewflow_task" ("process_id");
CREATE INDEX IF NOT EXISTS "viewflow_task_artifact_content_type_id_50385e8d" ON "viewflow_task" ("artifact_content_type_id");
CREATE UNIQUE INDEX "viewflow_task_previous_from_task_id_to_task_id_a979d787_uniq" ON "viewflow_task_previous" ("from_task_id", "to_task_id");
CREATE INDEX IF NOT EXISTS "viewflow_task_previous_from_task_id_da5536f6" ON "viewflow_task_previous" ("from_task_id");
CREATE INDEX IF NOT EXISTS "viewflow_task_previous_to_task_id_7d3a2081" ON "viewflow_task_previous" ("to_task_id");
CREATE TABLE IF NOT EXISTS "map_data" ("id" integer NOT NULL PRIMARY KEY AUTOINCREMENT, "country" varchar(100) NULL, "population" integer unsigned NULL CHECK ("population" >= 0), "latitude" real NOT NULL, "longitude" real NOT NULL);
INSERT INTO "map_data" VALUES(1,'Accra, Ghana',200,5.5571096,-0.2012376);
INSERT INTO "map_data" VALUES(2,'Kumasi, South Ghana',100,6.2859189,-0.4780843);
CREATE UNIQUE INDEX "auth_group_permissions_group_id_permission_id_0cd325b0_uniq" ON "auth_group_permissions" ("group_id", "permission_id");
CREATE INDEX IF NOT EXISTS "auth_group_permissions_group_id_b120cbf9" ON "auth_group_permissions" ("group_id");
CREATE INDEX IF NOT EXISTS "auth_group_permissions_permission_id_84c5c92e" ON "auth_group_permissions" ("permission_id");
CREATE UNIQUE INDEX "auth_permission_content_type_id_codename_01ab375a_uniq" ON "auth_permission" ("content_type_id", "codename");
CREATE INDEX IF NOT EXISTS "auth_permission_content_type_id_2f476e4b" ON "auth_permission" ("content_type_id");
CREATE UNIQUE INDEX "auth_user_groups_user_id_group_id_94350c0c_uniq" ON "auth_user_groups" ("user_id", "group_id");
CREATE INDEX IF NOT EXISTS "auth_user_groups_user_id_6a12ed8b" ON "auth_user_groups" ("user_id");
CREATE INDEX IF NOT EXISTS "auth_user_groups_group_id_97559544" ON "auth_user_groups" ("group_id");
CREATE UNIQUE INDEX "auth_user_user_permissions_user_id_permission_id_14a6b632_uniq" ON "auth_user_user_permissions" ("user_id", "permission_id");
CREATE INDEX IF NOT EXISTS "auth_user_user_permissions_user_id_a95ead1b" ON "auth_user_user_permissions" ("user_id");
CREATE INDEX IF NOT EXISTS "auth_user_user_permissions_permission_id_1fbb5f2c" ON "auth_user_user_permissions" ("permission_id");
CREATE INDEX IF NOT EXISTS "django_admin_log_content_type_id_c4bce8eb" ON "django_admin_log" ("content_type_id");
CREATE INDEX IF NOT EXISTS "django_admin_log_user_id_c564eba6" ON "django_admin_log" ("user_id");
CREATE UNIQUE INDEX "django_content_type_app_label_model_76bd3d3b_uniq" ON "django_content_type" ("app_label", "model");
CREATE INDEX IF NOT EXISTS "django_session_expire_date_a5c62663" ON "django_session" ("expire_date");
CREATE INDEX IF NOT EXISTS "frontend_module_label_58c52d82" ON "frontend_module" ("label");
CREATE INDEX IF NOT EXISTS "viewflow_process_artifact_content_type_id_8e40f778" ON "viewflow_process" ("artifact_content_type_id");
CREATE INDEX IF NOT EXISTS "viewflow_task_status_ffb4516b" ON "viewflow_task" ("status");
CREATE INDEX IF NOT EXISTS "viewflow_task_external_task_id_2f93bc2f" ON "viewflow_task" ("external_task_id");
CREATE INDEX IF NOT EXISTS "viewflow_task_owner_id_01b087bd" ON "viewflow_task" ("owner_id");
CREATE INDEX IF NOT EXISTS "viewflow_task_process_id_619bc849" ON "viewflow_task" ("process_id");
CREATE INDEX IF NOT EXISTS "viewflow_task_artifact_content_type_id_50385e8d" ON "viewflow_task" ("artifact_content_type_id");
CREATE UNIQUE INDEX "viewflow_task_previous_from_task_id_to_task_id_a979d787_uniq" ON "viewflow_task_previous" ("from_task_id", "to_task_id");
CREATE INDEX IF NOT EXISTS "viewflow_task_previous_from_task_id_da5536f6" ON "viewflow_task_previous" ("from_task_id");
CREATE INDEX IF NOT EXISTS "viewflow_task_previous_to_task_id_7d3a2081" ON "viewflow_task_previous" ("to_task_id");
CREATE TABLE IF NOT EXISTS "microfinance_account" ("id" integer NOT NULL PRIMARY KEY AUTOINCREMENT, "phonenumber" varchar(25) NULL, "balance" integer NULL, "loan" integer NULL, "reg_date" date NOT NULL);
INSERT INTO "microfinance_account" VALUES(1,'+233572098007',20,NULL,'2022-05-26');
INSERT INTO "microfinance_account" VALUES(2,'',0,35,'2022-05-26');
CREATE UNIQUE INDEX "auth_group_permissions_group_id_permission_id_0cd325b0_uniq" ON "auth_group_permissions" ("group_id", "permission_id");
CREATE INDEX IF NOT EXISTS "auth_group_permissions_group_id_b120cbf9" ON "auth_group_permissions" ("group_id");
CREATE INDEX IF NOT EXISTS "auth_group_permissions_permission_id_84c5c92e" ON "auth_group_permissions" ("permission_id");
CREATE UNIQUE INDEX "auth_permission_content_type_id_codename_01ab375a_uniq" ON "auth_permission" ("content_type_id", "codename");
CREATE INDEX IF NOT EXISTS "auth_permission_content_type_id_2f476e4b" ON "auth_permission" ("content_type_id");
CREATE UNIQUE INDEX "auth_user_groups_user_id_group_id_94350c0c_uniq" ON "auth_user_groups" ("user_id", "group_id");
CREATE INDEX IF NOT EXISTS "auth_user_groups_user_id_6a12ed8b" ON "auth_user_groups" ("user_id");
CREATE INDEX IF NOT EXISTS "auth_user_groups_group_id_97559544" ON "auth_user_groups" ("group_id");
CREATE UNIQUE INDEX "auth_user_user_permissions_user_id_permission_id_14a6b632_uniq" ON "auth_user_user_permissions" ("user_id", "permission_id");
CREATE INDEX IF NOT EXISTS "auth_user_user_permissions_user_id_a95ead1b" ON "auth_user_user_permissions" ("user_id");
CREATE INDEX IF NOT EXISTS "auth_user_user_permissions_permission_id_1fbb5f2c" ON "auth_user_user_permissions" ("permission_id");
CREATE INDEX IF NOT EXISTS "django_admin_log_content_type_id_c4bce8eb" ON "django_admin_log" ("content_type_id");
CREATE INDEX IF NOT EXISTS "django_admin_log_user_id_c564eba6" ON "django_admin_log" ("user_id");
CREATE UNIQUE INDEX "django_content_type_app_label_model_76bd3d3b_uniq" ON "django_content_type" ("app_label", "model");
CREATE INDEX IF NOT EXISTS "django_session_expire_date_a5c62663" ON "django_session" ("expire_date");
CREATE INDEX IF NOT EXISTS "frontend_module_label_58c52d82" ON "frontend_module" ("label");
CREATE INDEX IF NOT EXISTS "viewflow_process_artifact_content_type_id_8e40f778" ON "viewflow_process" ("artifact_content_type_id");
CREATE INDEX IF NOT EXISTS "viewflow_task_status_ffb4516b" ON "viewflow_task" ("status");
CREATE INDEX IF NOT EXISTS "viewflow_task_external_task_id_2f93bc2f" ON "viewflow_task" ("external_task_id");
CREATE INDEX IF NOT EXISTS "viewflow_task_owner_id_01b087bd" ON "viewflow_task" ("owner_id");
CREATE INDEX IF NOT EXISTS "viewflow_task_process_id_619bc849" ON "viewflow_task" ("process_id");
CREATE INDEX IF NOT EXISTS "viewflow_task_artifact_content_type_id_50385e8d" ON "viewflow_task" ("artifact_content_type_id");
CREATE UNIQUE INDEX "viewflow_task_previous_from_task_id_to_task_id_a979d787_uniq" ON "viewflow_task_previous" ("from_task_id", "to_task_id");
CREATE INDEX IF NOT EXISTS "viewflow_task_previous_from_task_id_da5536f6" ON "viewflow_task_previous" ("from_task_id");
CREATE INDEX IF NOT EXISTS "viewflow_task_previous_to_task_id_7d3a2081" ON "viewflow_task_previous" ("to_task_id");
CREATE TABLE IF NOT EXISTS "microfinance_checkout" ("id" integer NOT NULL PRIMARY KEY AUTOINCREMENT, "status" varchar(30) NULL, "phonenumber" varchar(30) NULL, "amount" integer NULL, "reg_date" date NOT NULL);
INSERT INTO "microfinance_checkout" VALUES(1,'pending','+233572098007',19,'2022-05-26');
INSERT INTO "microfinance_checkout" VALUES(2,'pending','+233572098007',19,'2022-05-26');
CREATE UNIQUE INDEX "auth_group_permissions_group_id_permission_id_0cd325b0_uniq" ON "auth_group_permissions" ("group_id", "permission_id");
CREATE INDEX IF NOT EXISTS "auth_group_permissions_group_id_b120cbf9" ON "auth_group_permissions" ("group_id");
CREATE INDEX IF NOT EXISTS "auth_group_permissions_permission_id_84c5c92e" ON "auth_group_permissions" ("permission_id");
CREATE UNIQUE INDEX "auth_permission_content_type_id_codename_01ab375a_uniq" ON "auth_permission" ("content_type_id", "codename");
CREATE INDEX IF NOT EXISTS "auth_permission_content_type_id_2f476e4b" ON "auth_permission" ("content_type_id");
CREATE UNIQUE INDEX "auth_user_groups_user_id_group_id_94350c0c_uniq" ON "auth_user_groups" ("user_id", "group_id");
CREATE INDEX IF NOT EXISTS "auth_user_groups_user_id_6a12ed8b" ON "auth_user_groups" ("user_id");
CREATE INDEX IF NOT EXISTS "auth_user_groups_group_id_97559544" ON "auth_user_groups" ("group_id");
CREATE UNIQUE INDEX "auth_user_user_permissions_user_id_permission_id_14a6b632_uniq" ON "auth_user_user_permissions" ("user_id", "permission_id");
CREATE INDEX IF NOT EXISTS "auth_user_user_permissions_user_id_a95ead1b" ON "auth_user_user_permissions" ("user_id");
CREATE INDEX IF NOT EXISTS "auth_user_user_permissions_permission_id_1fbb5f2c" ON "auth_user_user_permissions" ("permission_id");
CREATE INDEX IF NOT EXISTS "django_admin_log_content_type_id_c4bce8eb" ON "django_admin_log" ("content_type_id");
CREATE INDEX IF NOT EXISTS "django_admin_log_user_id_c564eba6" ON "django_admin_log" ("user_id");
CREATE UNIQUE INDEX "django_content_type_app_label_model_76bd3d3b_uniq" ON "django_content_type" ("app_label", "model");
CREATE INDEX IF NOT EXISTS "django_session_expire_date_a5c62663" ON "django_session" ("expire_date");
CREATE INDEX IF NOT EXISTS "frontend_module_label_58c52d82" ON "frontend_module" ("label");
CREATE INDEX IF NOT EXISTS "viewflow_process_artifact_content_type_id_8e40f778" ON "viewflow_process" ("artifact_content_type_id");
CREATE INDEX IF NOT EXISTS "viewflow_task_status_ffb4516b" ON "viewflow_task" ("status");
CREATE INDEX IF NOT EXISTS "viewflow_task_external_task_id_2f93bc2f" ON "viewflow_task" ("external_task_id");
CREATE INDEX IF NOT EXISTS "viewflow_task_owner_id_01b087bd" ON "viewflow_task" ("owner_id");
CREATE INDEX IF NOT EXISTS "viewflow_task_process_id_619bc849" ON "viewflow_task" ("process_id");
CREATE INDEX IF NOT EXISTS "viewflow_task_artifact_content_type_id_50385e8d" ON "viewflow_task" ("artifact_content_type_id");
CREATE UNIQUE INDEX "viewflow_task_previous_from_task_id_to_task_id_a979d787_uniq" ON "viewflow_task_previous" ("from_task_id", "to_task_id");
CREATE INDEX IF NOT EXISTS "viewflow_task_previous_from_task_id_da5536f6" ON "viewflow_task_previous" ("from_task_id");
CREATE INDEX IF NOT EXISTS "viewflow_task_previous_to_task_id_7d3a2081" ON "viewflow_task_previous" ("to_task_id");
CREATE TABLE IF NOT EXISTS "microfinance_microfinance" ("id" integer NOT NULL PRIMARY KEY AUTOINCREMENT, "name" varchar(30) NULL, "phonenumber" varchar(20) NULL, "city" varchar(30) NULL, "reg_date" date NOT NULL, "level" integer NULL);
INSERT INTO "microfinance_microfinance" VALUES(1,'kumasi','+233572098007','ghana','2022-05-26',0);
CREATE UNIQUE INDEX "auth_group_permissions_group_id_permission_id_0cd325b0_uniq" ON "auth_group_permissions" ("group_id", "permission_id");
CREATE INDEX IF NOT EXISTS "auth_group_permissions_group_id_b120cbf9" ON "auth_group_permissions" ("group_id");
CREATE INDEX IF NOT EXISTS "auth_group_permissions_permission_id_84c5c92e" ON "auth_group_permissions" ("permission_id");
CREATE UNIQUE INDEX "auth_permission_content_type_id_codename_01ab375a_uniq" ON "auth_permission" ("content_type_id", "codename");
CREATE INDEX IF NOT EXISTS "auth_permission_content_type_id_2f476e4b" ON "auth_permission" ("content_type_id");
CREATE UNIQUE INDEX "auth_user_groups_user_id_group_id_94350c0c_uniq" ON "auth_user_groups" ("user_id", "group_id");
CREATE INDEX IF NOT EXISTS "auth_user_groups_user_id_6a12ed8b" ON "auth_user_groups" ("user_id");
CREATE INDEX IF NOT EXISTS "auth_user_groups_group_id_97559544" ON "auth_user_groups" ("group_id");
CREATE UNIQUE INDEX "auth_user_user_permissions_user_id_permission_id_14a6b632_uniq" ON "auth_user_user_permissions" ("user_id", "permission_id");
CREATE INDEX IF NOT EXISTS "auth_user_user_permissions_user_id_a95ead1b" ON "auth_user_user_permissions" ("user_id");
CREATE INDEX IF NOT EXISTS "auth_user_user_permissions_permission_id_1fbb5f2c" ON "auth_user_user_permissions" ("permission_id");
CREATE INDEX IF NOT EXISTS "django_admin_log_content_type_id_c4bce8eb" ON "django_admin_log" ("content_type_id");
CREATE INDEX IF NOT EXISTS "django_admin_log_user_id_c564eba6" ON "django_admin_log" ("user_id");
CREATE UNIQUE INDEX "django_content_type_app_label_model_76bd3d3b_uniq" ON "django_content_type" ("app_label", "model");
CREATE INDEX IF NOT EXISTS "django_session_expire_date_a5c62663" ON "django_session" ("expire_date");
CREATE INDEX IF NOT EXISTS "frontend_module_label_58c52d82" ON "frontend_module" ("label");
CREATE INDEX IF NOT EXISTS "viewflow_process_artifact_content_type_id_8e40f778" ON "viewflow_process" ("artifact_content_type_id");
CREATE INDEX IF NOT EXISTS "viewflow_task_status_ffb4516b" ON "viewflow_task" ("status");
CREATE INDEX IF NOT EXISTS "viewflow_task_external_task_id_2f93bc2f" ON "viewflow_task" ("external_task_id");
CREATE INDEX IF NOT EXISTS "viewflow_task_owner_id_01b087bd" ON "viewflow_task" ("owner_id");
CREATE INDEX IF NOT EXISTS "viewflow_task_process_id_619bc849" ON "viewflow_task" ("process_id");
CREATE INDEX IF NOT EXISTS "viewflow_task_artifact_content_type_id_50385e8d" ON "viewflow_task" ("artifact_content_type_id");
CREATE UNIQUE INDEX "viewflow_task_previous_from_task_id_to_task_id_a979d787_uniq" ON "viewflow_task_previous" ("from_task_id", "to_task_id");
CREATE INDEX IF NOT EXISTS "viewflow_task_previous_from_task_id_da5536f6" ON "viewflow_task_previous" ("from_task_id");
CREATE INDEX IF NOT EXISTS "viewflow_task_previous_to_task_id_7d3a2081" ON "viewflow_task_previous" ("to_task_id");
CREATE TABLE IF NOT EXISTS "microfinance_session_levels" ("session_id" varchar(25) NOT NULL PRIMARY KEY, "phonenumber" varchar(25) NULL, "level" integer NULL);
CREATE UNIQUE INDEX "auth_group_permissions_group_id_permission_id_0cd325b0_uniq" ON "auth_group_permissions" ("group_id", "permission_id");
CREATE INDEX IF NOT EXISTS "auth_group_permissions_group_id_b120cbf9" ON "auth_group_permissions" ("group_id");
CREATE INDEX IF NOT EXISTS "auth_group_permissions_permission_id_84c5c92e" ON "auth_group_permissions" ("permission_id");
CREATE UNIQUE INDEX "auth_permission_content_type_id_codename_01ab375a_uniq" ON "auth_permission" ("content_type_id", "codename");
CREATE INDEX IF NOT EXISTS "auth_permission_content_type_id_2f476e4b" ON "auth_permission" ("content_type_id");
CREATE UNIQUE INDEX "auth_user_groups_user_id_group_id_94350c0c_uniq" ON "auth_user_groups" ("user_id", "group_id");
CREATE INDEX IF NOT EXISTS "auth_user_groups_user_id_6a12ed8b" ON "auth_user_groups" ("user_id");
CREATE INDEX IF NOT EXISTS "auth_user_groups_group_id_97559544" ON "auth_user_groups" ("group_id");
CREATE UNIQUE INDEX "auth_user_user_permissions_user_id_permission_id_14a6b632_uniq" ON "auth_user_user_permissions" ("user_id", "permission_id");
CREATE INDEX IF NOT EXISTS "auth_user_user_permissions_user_id_a95ead1b" ON "auth_user_user_permissions" ("user_id");
CREATE INDEX IF NOT EXISTS "auth_user_user_permissions_permission_id_1fbb5f2c" ON "auth_user_user_permissions" ("permission_id");
CREATE INDEX IF NOT EXISTS "django_admin_log_content_type_id_c4bce8eb" ON "django_admin_log" ("content_type_id");
CREATE INDEX IF NOT EXISTS "django_admin_log_user_id_c564eba6" ON "django_admin_log" ("user_id");
CREATE UNIQUE INDEX "django_content_type_app_label_model_76bd3d3b_uniq" ON "django_content_type" ("app_label", "model");
CREATE INDEX IF NOT EXISTS "django_session_expire_date_a5c62663" ON "django_session" ("expire_date");
CREATE INDEX IF NOT EXISTS "frontend_module_label_58c52d82" ON "frontend_module" ("label");
CREATE INDEX IF NOT EXISTS "viewflow_process_artifact_content_type_id_8e40f778" ON "viewflow_process" ("artifact_content_type_id");
CREATE INDEX IF NOT EXISTS "viewflow_task_status_ffb4516b" ON "viewflow_task" ("status");
CREATE INDEX IF NOT EXISTS "viewflow_task_external_task_id_2f93bc2f" ON "viewflow_task" ("external_task_id");
CREATE INDEX IF NOT EXISTS "viewflow_task_owner_id_01b087bd" ON "viewflow_task" ("owner_id");
CREATE INDEX IF NOT EXISTS "viewflow_task_process_id_619bc849" ON "viewflow_task" ("process_id");
CREATE INDEX IF NOT EXISTS "viewflow_task_artifact_content_type_id_50385e8d" ON "viewflow_task" ("artifact_content_type_id");
CREATE UNIQUE INDEX "viewflow_task_previous_from_task_id_to_task_id_a979d787_uniq" ON "viewflow_task_previous" ("from_task_id", "to_task_id");
CREATE INDEX IF NOT EXISTS "viewflow_task_previous_from_task_id_da5536f6" ON "viewflow_task_previous" ("from_task_id");
CREATE INDEX IF NOT EXISTS "viewflow_task_previous_to_task_id_7d3a2081" ON "viewflow_task_previous" ("to_task_id");
CREATE TABLE IF NOT EXISTS "viewflow_process" ("id" integer NOT NULL PRIMARY KEY AUTOINCREMENT, "flow_class" varchar(250) NOT NULL, "status" varchar(50) NOT NULL, "created" datetime NOT NULL, "finished" datetime NULL, "artifact_content_type_id" integer NULL REFERENCES "django_content_type" ("id") DEFERRABLE INITIALLY DEFERRED, "artifact_object_id" integer unsigned NULL CHECK ("artifact_object_id" >= 0), "data" text NULL);
CREATE UNIQUE INDEX "auth_group_permissions_group_id_permission_id_0cd325b0_uniq" ON "auth_group_permissions" ("group_id", "permission_id");
CREATE INDEX IF NOT EXISTS "auth_group_permissions_group_id_b120cbf9" ON "auth_group_permissions" ("group_id");
CREATE INDEX IF NOT EXISTS "auth_group_permissions_permission_id_84c5c92e" ON "auth_group_permissions" ("permission_id");
CREATE UNIQUE INDEX "auth_permission_content_type_id_codename_01ab375a_uniq" ON "auth_permission" ("content_type_id", "codename");
CREATE INDEX IF NOT EXISTS "auth_permission_content_type_id_2f476e4b" ON "auth_permission" ("content_type_id");
CREATE UNIQUE INDEX "auth_user_groups_user_id_group_id_94350c0c_uniq" ON "auth_user_groups" ("user_id", "group_id");
CREATE INDEX IF NOT EXISTS "auth_user_groups_user_id_6a12ed8b" ON "auth_user_groups" ("user_id");
CREATE INDEX IF NOT EXISTS "auth_user_groups_group_id_97559544" ON "auth_user_groups" ("group_id");
CREATE UNIQUE INDEX "auth_user_user_permissions_user_id_permission_id_14a6b632_uniq" ON "auth_user_user_permissions" ("user_id", "permission_id");
CREATE INDEX IF NOT EXISTS "auth_user_user_permissions_user_id_a95ead1b" ON "auth_user_user_permissions" ("user_id");
CREATE INDEX IF NOT EXISTS "auth_user_user_permissions_permission_id_1fbb5f2c" ON "auth_user_user_permissions" ("permission_id");
CREATE INDEX IF NOT EXISTS "django_admin_log_content_type_id_c4bce8eb" ON "django_admin_log" ("content_type_id");
CREATE INDEX IF NOT EXISTS "django_admin_log_user_id_c564eba6" ON "django_admin_log" ("user_id");
CREATE UNIQUE INDEX "django_content_type_app_label_model_76bd3d3b_uniq" ON "django_content_type" ("app_label", "model");
CREATE INDEX IF NOT EXISTS "django_session_expire_date_a5c62663" ON "django_session" ("expire_date");
CREATE INDEX IF NOT EXISTS "frontend_module_label_58c52d82" ON "frontend_module" ("label");
CREATE INDEX IF NOT EXISTS "viewflow_process_artifact_content_type_id_8e40f778" ON "viewflow_process" ("artifact_content_type_id");
CREATE INDEX IF NOT EXISTS "viewflow_task_status_ffb4516b" ON "viewflow_task" ("status");
CREATE INDEX IF NOT EXISTS "viewflow_task_external_task_id_2f93bc2f" ON "viewflow_task" ("external_task_id");
CREATE INDEX IF NOT EXISTS "viewflow_task_owner_id_01b087bd" ON "viewflow_task" ("owner_id");
CREATE INDEX IF NOT EXISTS "viewflow_task_process_id_619bc849" ON "viewflow_task" ("process_id");
CREATE INDEX IF NOT EXISTS "viewflow_task_artifact_content_type_id_50385e8d" ON "viewflow_task" ("artifact_content_type_id");
CREATE UNIQUE INDEX "viewflow_task_previous_from_task_id_to_task_id_a979d787_uniq" ON "viewflow_task_previous" ("from_task_id", "to_task_id");
CREATE INDEX IF NOT EXISTS "viewflow_task_previous_from_task_id_da5536f6" ON "viewflow_task_previous" ("from_task_id");
CREATE INDEX IF NOT EXISTS "viewflow_task_previous_to_task_id_7d3a2081" ON "viewflow_task_previous" ("to_task_id");
CREATE TABLE IF NOT EXISTS "viewflow_task" ("id" integer NOT NULL PRIMARY KEY AUTOINCREMENT, "flow_task" varchar(255) NOT NULL, "flow_task_type" varchar(50) NOT NULL, "status" varchar(50) NOT NULL, "created" datetime NOT NULL, "started" datetime NULL, "finished" datetime NULL, "token" varchar(150) NOT NULL, "external_task_id" varchar(50) NULL, "owner_permission" varchar(255) NULL, "owner_id" integer NULL REFERENCES "auth_user" ("id") DEFERRABLE INITIALLY DEFERRED, "process_id" integer NOT NULL REFERENCES "viewflow_process" ("id") DEFERRABLE INITIALLY DEFERRED, "comments" text NULL, "assigned" datetime NULL, "artifact_content_type_id" integer NULL REFERENCES "django_content_type" ("id") DEFERRABLE INITIALLY DEFERRED, "artifact_object_id" integer unsigned NULL CHECK ("artifact_object_id" >= 0), "data" text NULL);
CREATE UNIQUE INDEX "auth_group_permissions_group_id_permission_id_0cd325b0_uniq" ON "auth_group_permissions" ("group_id", "permission_id");
CREATE INDEX IF NOT EXISTS "auth_group_permissions_group_id_b120cbf9" ON "auth_group_permissions" ("group_id");
CREATE INDEX IF NOT EXISTS "auth_group_permissions_permission_id_84c5c92e" ON "auth_group_permissions" ("permission_id");
CREATE UNIQUE INDEX "auth_permission_content_type_id_codename_01ab375a_uniq" ON "auth_permission" ("content_type_id", "codename");
CREATE INDEX IF NOT EXISTS "auth_permission_content_type_id_2f476e4b" ON "auth_permission" ("content_type_id");
CREATE UNIQUE INDEX "auth_user_groups_user_id_group_id_94350c0c_uniq" ON "auth_user_groups" ("user_id", "group_id");
CREATE INDEX IF NOT EXISTS "auth_user_groups_user_id_6a12ed8b" ON "auth_user_groups" ("user_id");
CREATE INDEX IF NOT EXISTS "auth_user_groups_group_id_97559544" ON "auth_user_groups" ("group_id");
CREATE UNIQUE INDEX "auth_user_user_permissions_user_id_permission_id_14a6b632_uniq" ON "auth_user_user_permissions" ("user_id", "permission_id");
CREATE INDEX IF NOT EXISTS "auth_user_user_permissions_user_id_a95ead1b" ON "auth_user_user_permissions" ("user_id");
CREATE INDEX IF NOT EXISTS "auth_user_user_permissions_permission_id_1fbb5f2c" ON "auth_user_user_permissions" ("permission_id");
CREATE INDEX IF NOT EXISTS "django_admin_log_content_type_id_c4bce8eb" ON "django_admin_log" ("content_type_id");
CREATE INDEX IF NOT EXISTS "django_admin_log_user_id_c564eba6" ON "django_admin_log" ("user_id");
CREATE UNIQUE INDEX "django_content_type_app_label_model_76bd3d3b_uniq" ON "django_content_type" ("app_label", "model");
CREATE INDEX IF NOT EXISTS "django_session_expire_date_a5c62663" ON "django_session" ("expire_date");
CREATE INDEX IF NOT EXISTS "frontend_module_label_58c52d82" ON "frontend_module" ("label");
CREATE INDEX IF NOT EXISTS "viewflow_process_artifact_content_type_id_8e40f778" ON "viewflow_process" ("artifact_content_type_id");
CREATE INDEX IF NOT EXISTS "viewflow_task_status_ffb4516b" ON "viewflow_task" ("status");
CREATE INDEX IF NOT EXISTS "viewflow_task_external_task_id_2f93bc2f" ON "viewflow_task" ("external_task_id");
CREATE INDEX IF NOT EXISTS "viewflow_task_owner_id_01b087bd" ON "viewflow_task" ("owner_id");
CREATE INDEX IF NOT EXISTS "viewflow_task_process_id_619bc849" ON "viewflow_task" ("process_id");
CREATE INDEX IF NOT EXISTS "viewflow_task_artifact_content_type_id_50385e8d" ON "viewflow_task" ("artifact_content_type_id");
CREATE UNIQUE INDEX "viewflow_task_previous_from_task_id_to_task_id_a979d787_uniq" ON "viewflow_task_previous" ("from_task_id", "to_task_id");
CREATE INDEX IF NOT EXISTS "viewflow_task_previous_from_task_id_da5536f6" ON "viewflow_task_previous" ("from_task_id");
CREATE INDEX IF NOT EXISTS "viewflow_task_previous_to_task_id_7d3a2081" ON "viewflow_task_previous" ("to_task_id");
CREATE TABLE IF NOT EXISTS "viewflow_task_previous" ("id" integer NOT NULL PRIMARY KEY AUTOINCREMENT, "from_task_id" integer NOT NULL REFERENCES "viewflow_task" ("id") DEFERRABLE INITIALLY DEFERRED, "to_task_id" integer NOT NULL REFERENCES "viewflow_task" ("id") DEFERRABLE INITIALLY DEFERRED);
CREATE UNIQUE INDEX "auth_group_permissions_group_id_permission_id_0cd325b0_uniq" ON "auth_group_permissions" ("group_id", "permission_id");
CREATE INDEX IF NOT EXISTS "auth_group_permissions_group_id_b120cbf9" ON "auth_group_permissions" ("group_id");
CREATE INDEX IF NOT EXISTS "auth_group_permissions_permission_id_84c5c92e" ON "auth_group_permissions" ("permission_id");
CREATE UNIQUE INDEX "auth_permission_content_type_id_codename_01ab375a_uniq" ON "auth_permission" ("content_type_id", "codename");
CREATE INDEX IF NOT EXISTS "auth_permission_content_type_id_2f476e4b" ON "auth_permission" ("content_type_id");
CREATE UNIQUE INDEX "auth_user_groups_user_id_group_id_94350c0c_uniq" ON "auth_user_groups" ("user_id", "group_id");
CREATE INDEX IF NOT EXISTS "auth_user_groups_user_id_6a12ed8b" ON "auth_user_groups" ("user_id");
CREATE INDEX IF NOT EXISTS "auth_user_groups_group_id_97559544" ON "auth_user_groups" ("group_id");
CREATE UNIQUE INDEX "auth_user_user_permissions_user_id_permission_id_14a6b632_uniq" ON "auth_user_user_permissions" ("user_id", "permission_id");
CREATE INDEX IF NOT EXISTS "auth_user_user_permissions_user_id_a95ead1b" ON "auth_user_user_permissions" ("user_id");
CREATE INDEX IF NOT EXISTS "auth_user_user_permissions_permission_id_1fbb5f2c" ON "auth_user_user_permissions" ("permission_id");
CREATE INDEX IF NOT EXISTS "django_admin_log_content_type_id_c4bce8eb" ON "django_admin_log" ("content_type_id");
CREATE INDEX IF NOT EXISTS "django_admin_log_user_id_c564eba6" ON "django_admin_log" ("user_id");
CREATE UNIQUE INDEX "django_content_type_app_label_model_76bd3d3b_uniq" ON "django_content_type" ("app_label", "model");
CREATE INDEX IF NOT EXISTS "django_session_expire_date_a5c62663" ON "django_session" ("expire_date");
CREATE INDEX IF NOT EXISTS "frontend_module_label_58c52d82" ON "frontend_module" ("label");
CREATE INDEX IF NOT EXISTS "viewflow_process_artifact_content_type_id_8e40f778" ON "viewflow_process" ("artifact_content_type_id");
CREATE INDEX IF NOT EXISTS "viewflow_task_status_ffb4516b" ON "viewflow_task" ("status");
CREATE INDEX IF NOT EXISTS "viewflow_task_external_task_id_2f93bc2f" ON "viewflow_task" ("external_task_id");
CREATE INDEX IF NOT EXISTS "viewflow_task_owner_id_01b087bd" ON "viewflow_task" ("owner_id");
CREATE INDEX IF NOT EXISTS "viewflow_task_process_id_619bc849" ON "viewflow_task" ("process_id");
CREATE INDEX IF NOT EXISTS "viewflow_task_artifact_content_type_id_50385e8d" ON "viewflow_task" ("artifact_content_type_id");
CREATE UNIQUE INDEX "viewflow_task_previous_from_task_id_to_task_id_a979d787_uniq" ON "viewflow_task_previous" ("from_task_id", "to_task_id");
CREATE INDEX IF NOT EXISTS "viewflow_task_previous_from_task_id_da5536f6" ON "viewflow_task_previous" ("from_task_id");
CREATE INDEX IF NOT EXISTS "viewflow_task_previous_to_task_id_7d3a2081" ON "viewflow_task_previous" ("to_task_id");
